game_title ,editorial_rating , user_rating , game_price , editor  , type , date ,device 
Kingpin : Life of Crime sur PC,19,17.5,8-99ï¿½ï¿½ï¿½,Interplay,+16ans, Aoï¿½ï¿
Batman Arkham City sur PC,19,18.3,3-40ï¿½ï¿½ï¿½,Rocksteady,Animation, 24 Novembre 2
Baldur's Gate II : Shadows of Amn sur PC,19,18.6,25-01ï¿½ï¿½ï¿½,Interplay,+12ans, 03 Novembre 2
Splinter Cell sur PC,19,18.1,1-25ï¿½ï¿½ï¿½,Ubisoft,Infiltration, 27 Fï¿½ï¿½vri
The Witcher 3 : Wild Hunt sur PC,19,18.1,21-19ï¿½ï¿½ï¿½,CDProjektRED,Fantastique, 19 Mai 2
Rayman Origins sur PC,19,18,8-99ï¿½ï¿½ï¿½,Ubisoft,Fantastique, 29 Mars 2
Prince of Persia : Les Sables du Temps sur PC,19,17.6,2-99ï¿½ï¿½ï¿½,UbisoftMontreal,Plate-Forme, 04 Dï¿½ï¿½cemb
Bioshock sur PC,19,18.1,19-99ï¿½ï¿½ï¿½,2KGames,Steampunk, 31 Aoï¿½ï¿
Myst sur PC,19,16.3,24-00ï¿½ï¿½ï¿½,Cyan,Rï¿½ï¿½flexio
Half-Life : Counter-Strike sur PC,19,18,20-00ï¿½ï¿½ï¿½,Sierra,+16ans, 11 Dï¿½ï¿½cemb
Riven : La Suite de Myst sur PC,19,18.4,8-00ï¿½ï¿½ï¿½,Ubisoft,Rï¿½ï¿½flexio
Bioshock Infinite sur PC,19,17.5,9-82ï¿½ï¿½ï¿½,2KGames,Steampunk, 26 Mars 2
Dead Space 2 sur PC,19,17,7-90ï¿½ï¿½ï¿½,VisceralGames,Survival-Horror, 27 Janvier 2
Arx Fatalis sur PC,19,17.2,24-00ï¿½ï¿½ï¿½,JoWooD,+16ans, 26 Septembre 2
Ori and the Blind Forest sur PC,19,18.3,16-99ï¿½ï¿½ï¿½,MoonStudio,Plate-Forme, 11 Mars 2
Ether One sur PC,19,8.7,5-08ï¿½ï¿½ï¿½,WhitePaperGames,Payantï¿½ï¿½l'acquisition, 25 Ma
Dishonored sur PC,19,16.9,8-81ï¿½ï¿½ï¿½,BethesdaSoftworks,Infiltration, 09 Octobre 2
Diablo sur PC,19,17.9,63-00ï¿½ï¿½ï¿½,BlizzardEntertainment,1-4joueurs, 30 Novembre 1
Bayonetta sur PC,19,14.9,17-99ï¿½ï¿½ï¿½,PlatinumGames,Beat'emAll, 11 Avril 2
Minecraft sur PC,19,18.5,29-46ï¿½ï¿½ï¿½,Mojang,OpenWorld, 18 Novembre 2
Quake III Arena sur PC,19,16.4,13-49ï¿½ï¿½ï¿½,idSoftware,+16ans, 15 Dï¿½ï¿½cemb
Quake II sur PC,19,17.3,4-49ï¿½ï¿½ï¿½,idSoftware,+16ans, 1
Outcast sur PC,19,18.7,24-00ï¿½ï¿½ï¿½,AppealSoftware,+3ans, Juin 1
Portal 2 sur PC,19,18.5,69-90ï¿½ï¿½ï¿½,Valve,Cyberpunk, 19 Avril 2
Divinity : Original Sin - Enhanced Edition sur PC,19,17.2,29-99ï¿½ï¿½ï¿½,FocusHomeInteractive,HeroicFantasy, 27 Octobre 2
Dishonored 2 sur PC,19,15.9,10-00ï¿½ï¿½ï¿½,BethesdaSoftworks,Infiltration, 11 Novembre 2
Dark Souls III sur PC,19,15.6,16-99ï¿½ï¿½ï¿½,FromSoftware,DungeonRPG, 12 Avril 2
The Witcher 3 : Wild Hunt - Blood and Wine sur PC,19,18.6,79-95ï¿½ï¿½ï¿½,31Mai2016,Steam, 31 Mai 2
Okami HD sur PC,19,16.4,16-99ï¿½ï¿½ï¿½,noinformation,noinformation, 12 Dï¿½ï¿½cemb
Monster Hunter World sur PC,18,14.1,47-99ï¿½ï¿½ï¿½,Capcom,+16ans, 09 Aoï¿½ï¿
Dragon Ball FighterZ sur PC,18,14.5,50-99ï¿½ï¿½ï¿½,ArcSystemWorks,+12ans, 26 Janvier 2
Dead Cells sur PC,18,16.7,22-49ï¿½ï¿½ï¿½,MotionTwin,Plate-Forme, 07 Aoï¿½ï¿
Two Point Hospital sur PC,18,16.4,26-49ï¿½ï¿½ï¿½,Sega,Simulation, 30 Aoï¿½ï¿
Final Fantasy XV sur PC,18,14.1,49-99ï¿½ï¿½ï¿½,SquareEnix,HeroicFantasy, 06 Mars 2
Pillars of Eternity 2 : Deadfire sur PC,18,15.7,8-99ï¿½ï¿½ï¿½,noinformation,noinformation, 08 Mai 2
Star Wars : Dark Forces sur PC,18,17.7,5-99ï¿½ï¿½ï¿½,LucasArts,CD, 1
Life is Strange sur PC,18,18.1,8-99ï¿½ï¿½ï¿½,DONTNODEntertainment,Fantastique, 30 Janvier 2
Schizm sur PC,18,13.2,29-00ï¿½ï¿½ï¿½,Project3Interactive,Rï¿½ï¿½flexion, Novemb
DeadCore sur PC,18,16.5,8-99ï¿½ï¿½ï¿½,5BitsGames,Plate-Forme, 17 Octobre 2
FIFA 12 sur PC,18,15.1,30-00ï¿½ï¿½ï¿½,EASports,Football, 29 Septembre 2
Mass Effect 3 sur PC,18,16.8,11-99ï¿½ï¿½ï¿½,BioWare,Extraterrestres, 08 Mars 2
Unreal sur PC,18,18.1,24-99ï¿½ï¿½ï¿½,GTInteractive,CD, 30 Mai 1
Deus Ex sur PC,18,18.5,24-00ï¿½ï¿½ï¿½,IonStorm,Siteofficiel, 22 Septembre 2
Need for Speed : Porsche 2000 sur PC,18,17.3,154-00ï¿½ï¿½ï¿½,ElectronicArts,+3ans, 24 Mars 2
Darkest Dungeon sur PC,18,15.3,52-90ï¿½ï¿½ï¿½,RedHookStudios,+16ans, 19 Janvier 2
Pillars of Eternity sur PC,18,16.1,24-99ï¿½ï¿½ï¿½,ParadoxInteractive,HeroicFantasy, 26 Mars 2
Empire : Total War sur PC,18,16.8,7-90ï¿½ï¿½ï¿½,TheCreativeAssembly,Historique, 04 Mars 2
Divinity : Original Sin sur PC,18,16.8,28-67ï¿½ï¿½ï¿½,LarianStudios,+16ans, 30 Juin 2
Little Big Adventure 2 sur PC,18,19.2,4-99ï¿½ï¿½ï¿½,Ubisoft,Non, 1
Metal Gear Solid V : The Phantom Pain sur PC,18,16.1,7-50ï¿½ï¿½ï¿½,KojimaProductions,Infiltration, 01 Septembre 2
Le Sanglot des Cigales sur PC,18,17.9,19-90ï¿½ï¿½ï¿½,07thExpansion,Siteofficiel, Juin 2
Silver sur PC,18,18.4,5-99ï¿½ï¿½ï¿½,Infogrames,Siteofficiel, Avril 1
The Chronicles of Riddick : Escape from Butcher Bay - Developer's Cut sur PC,18,17.4,24-00ï¿½ï¿½ï¿½,VivendiUniversalGames,+16ans, 04 Fï¿½ï¿½vri
Age of Mythology sur PC,18,18.1,24-00ï¿½ï¿½ï¿½,Microsoft,+12ans, 20 Novembre 2
Dungeon Keeper 2 sur PC,18,18,34-99ï¿½ï¿½ï¿½,ElectronicArts,Oui, Juillet 1
Darksiders sur PC,18,16.8,3-99ï¿½ï¿½ï¿½,VigilGames,HeroicFantasy, 24 Septembre 2
Vanquish sur PC,18,17.2,17-99ï¿½ï¿½ï¿½,Sega,+18ans, 25 Mai 2
Bioshock 2 sur PC,18,17.3,12-99ï¿½ï¿½ï¿½,2KGames,+18ans, 09 Fï¿½ï¿½vri
Child of Light sur PC,18,17.4,13-99ï¿½ï¿½ï¿½,UbisoftMontreal,Fantastique, 30 Avril 2
Starcraft II : Heart of the Swarm sur PC,18,17.6,6-99ï¿½ï¿½ï¿½,BlizzardEntertainment,Multienligne, 12 Mars 2
Final Fantasy VII sur PC,18,18.9,12-99ï¿½ï¿½ï¿½,EidosInteractive,Fantastique, 1
Gabriel Knight 3 : Enigme en Pays Cathare sur PC,18,17.7,24-00ï¿½ï¿½ï¿½,Sierra,Non, 08 Dï¿½ï¿½cemb
Diablo III sur PC,18,15.4,11-83ï¿½ï¿½ï¿½,BlizzardEntertainment,HeroicFantasy, 15 Mai 2
Battlefield 3 : Back to Karkand sur PC,18,17.5,3-80ï¿½ï¿½ï¿½,Dice,+16ans, 13 Dï¿½ï¿½cemb
Splinter Cell Chaos Theory sur PC,18,18,9-99ï¿½ï¿½ï¿½,Ubisoft,Infiltration, 31 Mars 2
Rayman 3 : Hoodlum Havoc sur PC,18,18.4,4-49ï¿½ï¿½ï¿½,Ubisoft,+3ans, 20 Mars 2
Half-Life 2 : Episode One sur PC,18,16.3,59-99ï¿½ï¿½ï¿½,Valve,+16ans, 01 Juin 2
Prison Architect sur PC,18,17.9,22-49ï¿½ï¿½ï¿½,IntroversionSoftware,Contemporain, 06 Octobre 2
Total War : Shogun 2 sur PC,18,16.9,13-27ï¿½ï¿½ï¿½,TheCreativeAssembly,Historique, 15 Mars 2
Owlboy sur PC,18,16.8,139-80ï¿½ï¿½ï¿½,D-PadStudio,Plate-Forme, 01 Novembre 2
Super Street Fighter IV : Arcade Edition sur PC,18,16.5,11-00ï¿½ï¿½ï¿½,Capcom,Jouableensolo, 13 Juillet 2
Battlefield 1942 sur PC,18,17.7,19-99ï¿½ï¿½ï¿½,ElectronicArts,+12ans, 23 Septembre 2
Starbound sur PC,18,15.6,8-39ï¿½ï¿½ï¿½,Chucklefish,Multienligne, 22 Juillet 2
Oddworld : L'Odyssï¿½ï¿½e d'Abe sur PC,18,18.6,14-99ï¿½ï¿½ï¿½,OddworldInhabitants,Plate-Forme, 31 Octob
Watch Dogs sur PC,18,12.2,6-90ï¿½ï¿½ï¿½,UbisoftMontreal,Infiltration, 27 Mai 2
Max Payne 3 sur PC,18,15.3,4-99ï¿½ï¿½ï¿½,RockstarGames,+18ans, 01 Juin 2
The Elder Scrolls IV : Oblivion sur PC,18,17.5,13-49ï¿½ï¿½ï¿½,2KGames,Fantastique, 24 Mars 2
Icewind Dale sur PC,18,16.6,4-58ï¿½ï¿½ï¿½,Interplay,+12ans, 21 Juillet 2
Valkyria Chronicles sur PC,18,17.5,9-47ï¿½ï¿½ï¿½,Sega,Steampunk, 11 Novembre 2
EVE Online sur PC,18,17,5-00ï¿½ï¿½ï¿½,CCP,Sandbox, 06 Mai 2
Indiana Jones and the Fate of Atlantis sur PC,18,18.8,5-99ï¿½ï¿½ï¿½,LucasArts,Disquette, 1
Homeworld sur PC,18,18.1,23-90ï¿½ï¿½ï¿½,Sierra,+12ans, Octobre 1
Castlevania : Lords of Shadow sur PC,18,14.4,6-25ï¿½ï¿½ï¿½,Konami,Jouableensolo, 27 Aoï¿½ï¿
NBA 2K9 sur PC,18,17.2,15-00ï¿½ï¿½ï¿½,VisualConcepts,+3ans, 21 Octobre 2
Half-Life sur PC,18,18.6,59-90ï¿½ï¿½ï¿½,Valve,+16ans, Dï¿½ï¿½cemb
Runaway sur PC,18,16.1,8-00ï¿½ï¿½ï¿½,PenduloStudios,Point'nClick, 21 Mars 2
Counter-Strike : Source sur PC,18,17.7,39-90ï¿½ï¿½ï¿½,VivendiUniversalGames,+16ans, Octobre 2
Shovel Knight sur PC,18,16.7,19-90ï¿½ï¿½ï¿½,YachtClubGames,+3ans, 26 Juin 2
TOCA 2 Touring Cars sur PC,18,17.7,39-99ï¿½ï¿½ï¿½,Codemasters,Oui, Avril 1
Runaway : A Twist of Fate sur PC,18,15.7,5-47ï¿½ï¿½ï¿½,Focus,Point'nClick, 26 Novembre 2
No One Lives Forever 2 sur PC,18,17.4,10-50ï¿½ï¿½ï¿½,Sierra,+16ans, 18 Octobre 2
Assassin's Creed III sur PC,18,15.1,9-99ï¿½ï¿½ï¿½,UbisoftMontreal,Historique, 22 Novembre 2
Trine 2 sur PC,18,17.7,6-23ï¿½ï¿½ï¿½,FocusHomeInteractive,Plate-Forme, 06 Dï¿½ï¿½cemb
FIFA 13 sur PC,18,13.3,9-90ï¿½ï¿½ï¿½,EASports,Football, 27 Septembre 2
Tomb Raider sur PC,18,17.9,4-39ï¿½ï¿½ï¿½,CoreDesign,+3ans, 22 Novembre 1
Assassin's Creed sur PC,18,16.5,8-99ï¿½ï¿½ï¿½,UbisoftMontreal,Infiltration, 10 Avril 2
Street Fighter IV sur PC,18,16,18-00ï¿½ï¿½ï¿½,Capcom,Multienligne, 03 Juillet 2
FIFA 2000 sur PC,18,15.4,7-99ï¿½ï¿½ï¿½,ElectronicArts,Oui, 04 Novembre 1
Unreal Tournament 2004 sur PC,18,18.4,34-42ï¿½ï¿½ï¿½,EpicGames,+16ans, 19 Mars 2
Divinity II : The Dragon Knight Saga sur PC,18,16.6,24-50ï¿½ï¿½ï¿½,LarianStudios,+12ans, 05 Novembre 2
Midtown Madness sur PC,18,17.2,34-00ï¿½ï¿½ï¿½,Microsoft,Oui, Juin 1
Legacy of Kain : Soul Reaver sur PC,18,17.2,25-00ï¿½ï¿½ï¿½,CrystalDynamics,+16ans, 1
Rally Masters sur PC,18,17.1,23-00ï¿½ï¿½ï¿½,Infogrames,CD, 12 Avril 2
Grand Prix 3 sur PC,18,15.9,9-99ï¿½ï¿½ï¿½,HasbroInteractive,Simulation, 28 Juillet 2
Dark Souls sur PC,18,15.1,199-99ï¿½ï¿½ï¿½,BandaiNamco,HeroicFantasy, 24 Aoï¿½ï¿
Grand Theft Auto : San Andreas sur PC,18,18.4,8-99ï¿½ï¿½ï¿½,RockstarGames,Contemporain, 10 Juin 2
Monkey Island 2 : LeChuck's Revenge : Special Edition sur PC,18,16,8-99ï¿½ï¿½ï¿½,LucasArts,+3ans, 07 Juillet 2
Football Manager 2007 sur PC,18,18.2,14-27ï¿½ï¿½ï¿½,SportsInteractive,+3ans, 20 Octobre 2
Battlefield 2 sur PC,18,17.8,23-99ï¿½ï¿½ï¿½,ElectronicArts,+16ans, 23 Juin 2
Rise of the Tomb Raider sur PC,18,15.3,27-99ï¿½ï¿½ï¿½,CrystalDynamics,Contemporain, 28 Janvier 2
The Elder Scrolls III : Morrowind sur PC,18,18.3,13-49ï¿½ï¿½ï¿½,BethesdaSoftworks,Fantastique, 30 Mai 2
Baldur's Gate sur PC,18,18.1,14-35ï¿½ï¿½ï¿½,Interplay,Oui, 05 Janvier 1
Street Fighter V : Arcade Edition sur PC,18,8.2,12-90ï¿½ï¿½ï¿½,Capcom,+12ans, 16 Fï¿½ï¿½vri
Company of Heroes sur PC,18,18.3,8-91ï¿½ï¿½ï¿½,RelicEntertainment,+18ans, 29 Septembre 2
No One Lives Forever sur PC,18,18.3,25-00ï¿½ï¿½ï¿½,FoxInteractive,De2ï¿½ï¿½16joueurs, Dï¿½ï¿½
Virtual Skipper 3 sur PC,18,16.3,3-00ï¿½ï¿½ï¿½,Focus,Simulation, 21 Novembre 2
Rage sur PC,18,14.6,8-99ï¿½ï¿½ï¿½,BethesdaSoftworks,Post-apocalyptique, 07 Octobre 2
Star Wars Episode I : Racer sur PC,18,17.8,69-99ï¿½ï¿½ï¿½,Ubisoft,Cinï¿½ï¿½ma, M
Grand Theft Auto IV sur PC,18,16.1,7-99ï¿½ï¿½ï¿½,RockstarNorth,Contemporain, 03 Dï¿½ï¿½cemb
F1 World Grand Prix sur PC,18,13.2,7-99ï¿½ï¿½ï¿½,EidosInteractive,+3ans, Juin 2
Splinter Cell Double Agent sur PC,18,14.9,2-99ï¿½ï¿½ï¿½,Ubisoft,Infiltration, 09 Novembre 2
Tomb Raider sur PC,18,16,9-99ï¿½ï¿½ï¿½,CrystalDynamics,Contemporain, 05 Mars 2
Pro Evolution Soccer 6 sur PC,18,14.8,24-00ï¿½ï¿½ï¿½,Konami,+3ans, 26 Octobre 2
Mount & Blade : Warband sur PC,18,17.8,15-99ï¿½ï¿½ï¿½,TaleWorldsEntertainment,ActionRPG, 30 Mars 2
Myst III : Exile sur PC,18,17.2,24-00ï¿½ï¿½ï¿½,PrestoStudios,Rï¿½ï¿½flexion, 06 Septemb
Dead Space sur PC,18,17.1,7-99ï¿½ï¿½ï¿½,ElectronicArts,Extraterrestres, 23 Octobre 2
Grand Theft Auto : Vice City sur PC,18,17.7,8-99ï¿½ï¿½ï¿½,RockstarGames,Contemporain, 16 Mai 2
Assassin's Creed II sur PC,18,15.1,8-99ï¿½ï¿½ï¿½,UbisoftMontreal,Historique, 04 Mars 2
Les Sims 3 sur PC,18,16.4,27-00ï¿½ï¿½ï¿½,Maxis,Simulation, 04 Juin 2
Payday 2 sur PC,18,15.4,19-92ï¿½ï¿½ï¿½,Overkill,+16ans, 13 Aoï¿½ï¿
Quake sur PC,18,16.9,4-49ï¿½ï¿½ï¿½,idSoftware,CD, Septembre 1
Crusader Kings II sur PC,18,17.3,19-90ï¿½ï¿½ï¿½,ParadoxInteractive,Moyen-Age, 14 Fï¿½ï¿½vri
Mass Effect 2 sur PC,18,17.7,5-80ï¿½ï¿½ï¿½,BioWare,Extraterrestres, 28 Janvier 2
Flight Simulator 2004 : Un Siï¿½ï¿½cle d'Aviation sur PC,18,17.5,19-94ï¿½ï¿½ï¿½,Microsoft,+3ans, 29 Aoï
The Elder Scrolls V : Skyrim sur PC,18,17.8,7-99ï¿½ï¿½ï¿½,BethesdaSoftworks,Dragons, 11 Novembre 2
Warhammer 40.000 : Dawn of War II sur PC,18,16,6-19ï¿½ï¿½ï¿½,RelicEntertainment,Tactique, 20 Fï¿½ï¿½vri
The Witcher - Enhanced Edition sur PC,18,17.6,29-93ï¿½ï¿½ï¿½,CDProjekt,ActionRPG, 19 Septembre 2
Football Manager 2013 sur PC,18,13.2,14-43ï¿½ï¿½ï¿½,SportsInteractive,Football, 02 Novembre 2
NBA 2K12 sur PC,18,16.2,26-00ï¿½ï¿½ï¿½,VisualConcepts,+3ans, 07 Octobre 2
GTR 2 sur PC,18,18.2,26-00ï¿½ï¿½ï¿½,SimBinDevelopmentTeam,Simulation, 29 Septembre 2
The Witcher 2 : Assassins of Kings sur PC,18,16.7,11-99ï¿½ï¿½ï¿½,CDProjektRED,HeroicFantasy, 17 Mai 2
Half-Life 2 sur PC,18,18.1,24-99ï¿½ï¿½ï¿½,VivendiUniversalGames,Science-Fiction, 17 Novembre 2
Colin McRae Rally 04 sur PC,18,16,14-50ï¿½ï¿½ï¿½,Codemasters,+3ans, 09 Avril 2
Warcraft III : Reign of Chaos sur PC,18,18.3,27-00ï¿½ï¿½ï¿½,VivendiUniversalGames,HeroicFantasy, 05 Juillet 2
South Park : Le Bï¿½ï¿½ton de la Vï¿½ï¿½ritï¿½ï¿½ sur PC,18,17.5,5-77ï¿½ï¿½ï¿½,Obsidian,Animatio
Official Formula 1 Racing sur PC,18,12.8,12-99ï¿½ï¿½ï¿½,Lankhor,CD, Mai 1
Runaway 2 : The Dream of the Turtle sur PC,18,16.4,9-99ï¿½ï¿½ï¿½,PenduloStudios,Point'nClick, 17 Novembre 2
GP 500 sur PC,18,18,37-00ï¿½ï¿½ï¿½,MicroProse,Simulation, Septembre 1
Gears of War sur PC,18,16,61-00ï¿½ï¿½ï¿½,Microsoft,+18ans, 09 Novembre 2
Pizza Syndicate sur PC,18,15.1,1-00ï¿½ï¿½ï¿½,Software2000,CD, Septembre 1
Company of Heroes : Opposing Fronts sur PC,18,18.3,3-99ï¿½ï¿½ï¿½,RelicEntertainment,+18ans, 28 Septembre 2
Crysis sur PC,18,17.2,9-76ï¿½ï¿½ï¿½,Crytek,Contemporain, 16 Novembre 2
Need for Speed : Conduite en Etat de Libertï¿½ï¿½ sur PC,18,18,26-00ï¿½ï¿½ï¿½,ElectronicArts,CD, 11 Ju
Football Manager 2010 sur PC,18,17.5,24-00ï¿½ï¿½ï¿½,SportsInteractive,Football, 30 Octobre 2
Dark Project : La Guilde des Voleurs sur PC,18,17.4,19-99ï¿½ï¿½ï¿½,LookingGlass,Infiltration, 1
Starcraft II : Wings of Liberty sur PC,18,17.2,12-30ï¿½ï¿½ï¿½,ActivisionBlizzard,+16ans, 27 Juillet 2
Borderlands 2 sur PC,18,17.7,9-79ï¿½ï¿½ï¿½,2KGames,Cyberpunk, 21 Septembre 2
Assassin's Creed : Brotherhood sur PC,18,16.8,6-98ï¿½ï¿½ï¿½,UbisoftMontreal,Historique, 17 Mars 2
StarLancer sur PC,18,17.3,90-00ï¿½ï¿½ï¿½,Microsoft,Tir, Mai 2
Batman Arkham Asylum sur PC,18,17.5,4-89ï¿½ï¿½ï¿½,Rocksteady,Animation, 18 Septembre 2
NBA 2K11 sur PC,18,16.7,29-90ï¿½ï¿½ï¿½,VisualConcepts,+3ans, 08 Octobre 2
The Next Penelope sur PC,18,16.2,11-49ï¿½ï¿½ï¿½,noinformation,noinformation, 29 Mai 2
World of Warcraft : Legion sur PC,18,17.3,22-45ï¿½ï¿½ï¿½,ActivisionBlizzard,MMORPG, 30 Aoï¿½ï¿
Tournament sur PC,18,18.7,29-99ï¿½ï¿½ï¿½,GTInteractive,Oui, 05 Dï¿½ï¿½cemb
In Memoriam : Le Dernier Rituel sur PC,18,18,4-99ï¿½ï¿½ï¿½,LexisNumï¿½ï¿½rique,Rï¿½ï¿½flexion, 21 Sep
Flight Simulator X sur PC,18,17.8,22-41ï¿½ï¿½ï¿½,Microsoft,+3ans, 13 Octobre 2
Planescape : Torment sur PC,18,18.1,49-99ï¿½ï¿½ï¿½,BlackIsleStudios,Fantasy, Janvier 2
Motocross Madness 2 sur PC,18,18,25-01ï¿½ï¿½ï¿½,Microsoft,Oui, 06 Juillet 2
Doom sur PC,18,18.8,29-99ï¿½ï¿½ï¿½,idSoftware,CD, 1
Splinter Cell Pandora Tomorrow sur PC,18,17.2,15-75ï¿½ï¿½ï¿½,Ubisoft,+12ans, 01 Avril 2
Les Sims sur PC,18,17,27-00ï¿½ï¿½ï¿½,ElectronicArts,Simulation, 04 Fï¿½ï¿½vri
Far Cry 3 sur PC,18,17,7-99ï¿½ï¿½ï¿½,UbisoftMontreal,Contemporain, 29 Novembre 2
Devil May Cry 4 sur PC,18,16.6,7-99ï¿½ï¿½ï¿½,Capcom,Plate-Forme, 17 Juillet 2
Ground Control sur PC,18,16.7,8-00ï¿½ï¿½ï¿½,MassiveEntertainment,+12ans, Juin 2
BlazBlue : Calamity Trigger sur PC,18,16.2,2-30ï¿½ï¿½ï¿½,ArcSystemWorks,+12ans, 20 Aoï¿½ï¿
Command & Conquer sur PC,18,17.5,80-00ï¿½ï¿½ï¿½,WestwoodStudios,+16ans, 1
SimCity 4 sur PC,18,17.6,24-99ï¿½ï¿½ï¿½,ElectronicArts,+3ans, 16 Janvier 2
Max Payne sur PC,18,17.3,9-99ï¿½ï¿½ï¿½,Take-TwoInteractive,+16ans, 01 Aoï¿½ï¿
S.T.A.L.K.E.R. : Call of Pripyat sur PC,18,17.4,19-99ï¿½ï¿½ï¿½,bitComposer,+16ans, 05 Fï¿½ï¿½vri
Far Cry sur PC,18,17.3,6-99ï¿½ï¿½ï¿½,Crytek,Enquï¿½ï¿½te, 25 Ma
Titan Quest sur PC,18,17,3-99ï¿½ï¿½ï¿½,IronLore,+12ans, 30 Juin 2
Prince of Persia : Les Deux Royaumes sur PC,18,17.1,4-90ï¿½ï¿½ï¿½,Ubisoft,Plate-Forme, 08 Dï¿½ï¿½cemb
Spore sur PC,18,16.5,19-89ï¿½ï¿½ï¿½,Maxis,Simulation, 04 Septembre 2
Dragon Age : Origins sur PC,18,17.2,9-99ï¿½ï¿½ï¿½,BioWare,HeroicFantasy, 05 Novembre 2
Grand Theft Auto V sur PC,18,15.7,15-99ï¿½ï¿½ï¿½,RockstarGames,TPS, 14 Avril 2
L'Amerzone sur PC,18,15,1-99ï¿½ï¿½ï¿½,Microï¿½ï¿½ds,Siteofficiel, 19 Ma
Football Manager 2011 sur PC,18,17.3,8-95ï¿½ï¿½ï¿½,Sega,+3ans, 05 Novembre 2
Devil Inside sur PC,18,15.9,17-10ï¿½ï¿½ï¿½,CryoInteractive,Non, 30 Mars 2
EverQuest II sur PC,18,16.2,6-00ï¿½ï¿½ï¿½,DaybreakGameCompany,+12ans, 08 Novembre 2
Wildstar sur PC,18,16.3,2-79ï¿½ï¿½ï¿½,CarbineStudios,Science-Fiction, 03 Juin 2
Trials Evolution : Gold Edition sur PC,18,16,12-99ï¿½ï¿½ï¿½,RedLynx,Plate-Forme, 21 Mars 2
Black & White sur PC,18,17.4,24-00ï¿½ï¿½ï¿½,Lionhead,+12ans, 05 Avril 2
Call of Duty : Black Ops sur PC,18,13.4,14-99ï¿½ï¿½ï¿½,Treyarch,+18ans, 09 Novembre 2
Dethkarz sur PC,18,17.6,49-90ï¿½ï¿½ï¿½,MelbourneHouse,+3ans, 04 Mars 1
Pro Evolution Soccer 5 sur PC,18,16.1,24-00ï¿½ï¿½ï¿½,Konami,Siteofficiel, 27 Octobre 2
Unreal Tournament 2003 sur PC,18,17.9,19-99ï¿½ï¿½ï¿½,Infogrames,Oui, 04 Octobre 2
World of Warcraft sur PC,18,16.6,5-10ï¿½ï¿½ï¿½,VivendiUniversalGames,MMORPG, 11 Fï¿½ï¿½vri
Starcraft sur PC,18,18.4,7-50ï¿½ï¿½ï¿½,BlizzardEntertainment,Siteofficiel, 1
Mass Effect sur PC,18,17.5,4-36ï¿½ï¿½ï¿½,BioWare,Extraterrestres, 05 Juin 2
XCOM 2 sur PC,18,15.1,24-90ï¿½ï¿½ï¿½,Firaxis,Science-Fiction, 05 Fï¿½ï¿½vri
Shadow Tactics : Blades of the Shogun sur PC,18,18.6,13-99ï¿½ï¿½ï¿½,DaedalicEntertainment,Tactique, 06 Dï¿½ï¿½cemb
Assassin's Creed Origins sur PC,18,16.3,53-99ï¿½ï¿½ï¿½,UbisoftMontreal,Infiltration, 27 Octobre 2
NBA 2K19 sur PC,17,11.4,34-99ï¿½ï¿½ï¿½,VisualConcepts,Basket, 11 Septembre 2
F1 2018 sur PC,17,13.6,39-99ï¿½ï¿½ï¿½,Codemasters,Formule1, 24 Aoï¿½ï¿
Overcooked 2 sur PC,17,15.5,2-39ï¿½ï¿½ï¿½,Team17,Adresse, 07 Aoï¿½ï¿
Wreckfest sur PC,17,16.7,44-99ï¿½ï¿½ï¿½,BugbearEntertainment,Jouableensolo, 14 Juin 2
Crash Bandicoot N. Sane Trilogy sur PC,17,16,27-93ï¿½ï¿½ï¿½,Activision,Plate-Forme, 29 Juin 2
The Elder Scrolls Online : Summerset sur PC,17,13.9,29-99ï¿½ï¿½ï¿½,BethesdaSoftworks,MMORPG, 21 Mai 2
Ghost of a Tale sur PC,17,18.2,20-69ï¿½ï¿½ï¿½,SeithCG,+12ans, 13 Mars 2
V-Rally 2 sur PC,17,14.2,4-99ï¿½ï¿½ï¿½,Infogrames,De2ï¿½ï¿½4joueurs, Septemb
Command & Conquer : Alerte Rouge 3 sur PC,17,14.8,19-99ï¿½ï¿½ï¿½,ElectronicArts,2ï¿½ï¿½6joueurs, 30 Octob
Mortal Kombat X sur PC,17,14.1,5-18ï¿½ï¿½ï¿½,WarnerBrosGames,Fantastique, 14 Avril 2
Starcraft II : Legacy of the Void sur PC,17,17.8,10-65ï¿½ï¿½ï¿½,BlizzardEntertainment,Multienligne, 10 Novembre 2
Black & White : L'Ile aux Crï¿½ï¿½atures sur PC,17,15,64-00ï¿½ï¿½ï¿½,ElectronicArts,+3ans, 24 Janvi
Pro Evolution Soccer 4 sur PC,17,16.3,24-00ï¿½ï¿½ï¿½,Konami,2ï¿½ï¿½8joueurs, 02 Dï¿½ï¿½
Cuphead sur PC,17,17,17-99ï¿½ï¿½ï¿½,StudioMDHR,Jouableensolo, 29 Septembre 2
Teslagrad sur PC,17,16.3,7-79ï¿½ï¿½ï¿½,RainGames,Plate-Forme, 13 Dï¿½ï¿½cemb
Return to Castle Wolfenstein sur PC,17,17.3,38-00ï¿½ï¿½ï¿½,idSoftware,+16ans, 07 Dï¿½ï¿½cemb
Civilization V : Brave New World sur PC,17,16.2,23-99ï¿½ï¿½ï¿½,2KGames,Historique, 12 Juillet 2
Les Sims 2 sur PC,17,17.4,13-97ï¿½ï¿½ï¿½,Maxis,Simulation, 16 Septembre 2
This War of Mine sur PC,17,16,2-00ï¿½ï¿½ï¿½,11bitstudios,Contemporain, 14 Novembre 2
Phantasmagoria sur PC,17,17.5,49-00ï¿½ï¿½ï¿½,Sierra,CD, 1
Fallout New Vegas sur PC,17,16.7,4-83ï¿½ï¿½ï¿½,Obsidian,Post-apocalyptique, 22 Octobre 2
Mechwarrior 4 : Vengeance sur PC,17,15.2,114-99ï¿½ï¿½ï¿½,Microsoft,Siteofficiel, 15 Janvier 2
World in Conflict sur PC,17,17.7,2-99ï¿½ï¿½ï¿½,MassiveEntertainment,+16ans, 21 Septembre 2
X-com : Terror from the Deep sur PC,17,17.8,4-99ï¿½ï¿½ï¿½,MicroProse,CD, 1
Oddworld : L'Exode d'Abe sur PC,17,18.5,36-00ï¿½ï¿½ï¿½,GTInteractive,Plate-Forme, 30 Novembre 1
Battle Realms sur PC,17,16.7,59-99ï¿½ï¿½ï¿½,CraveEntertainment,+12ans, 29 Novembre 2
Aliens versus Predator 2 sur PC,17,17.7,45-00ï¿½ï¿½ï¿½,MonolithProductions,Cinï¿½ï¿½ma, Dï¿½ï¿½
Need for Speed : Hot Pursuit sur PC,17,14.8,29-90ï¿½ï¿½ï¿½,CriterionStudios,Automobile, 18 Novembre 2
Enemy Territory : Quake Wars sur PC,17,16.5,18-00ï¿½ï¿½ï¿½,Activision,+16ans, 28 Septembre 2
Shogun : Total War sur PC,17,16.6,7-99ï¿½ï¿½ï¿½,ElectronicArts,De2ï¿½ï¿½8joueurs, 29 Ju
Orcs Must Die! sur PC,17,17,18-00ï¿½ï¿½ï¿½,RobotEntertainment,Jouableensolo, 12 Octobre 2
NHL 2002 sur PC,17,18.5,14-80ï¿½ï¿½ï¿½,ElectronicArts,+3ans, 04 Octobre 2
S.T.A.L.K.E.R. : Clear Sky sur PC,17,16,21-98ï¿½ï¿½ï¿½,GSCWorldPublishing,+16ans, 05 Septembre 2
Bad Piggies sur PC,17,16.5,9-99ï¿½ï¿½ï¿½,Rovio,Adresse, 27 Septembre 2
Neverwinter Nights sur PC,17,17.1,24-00ï¿½ï¿½ï¿½,BioWare,+12ans, 20 Septembre 2
World of Warcraft : Warlords of Draenor sur PC,17,15.7,24-99ï¿½ï¿½ï¿½,ActivisionBlizzard,MMORPG, 13 Novembre 2
Poker Academy sur PC,17,16,6-00ï¿½ï¿½ï¿½,AnumanInteractive,+12ans, 30 Octobre 2
SimCity 2000 sur PC,17,16.7,24-00ï¿½ï¿½ï¿½,ElectronicArts,Simulation, 1
Freelancer sur PC,17,16.9,79-50ï¿½ï¿½ï¿½,Microsoft,Simulation, 28 Mai 2
Final Fantasy XIV : Heavensward sur PC,17,14,12-64ï¿½ï¿½ï¿½,SquareEnix,HeroicFantasy, 23 Juin 2
Heroes of Might and Magic IV sur PC,17,15.1,20-00ï¿½ï¿½ï¿½,3DO,+7ans, 26 Avril 2
Baldur's Gate II : Throne of Bhaal sur PC,17,17.8,24-00ï¿½ï¿½ï¿½,BioWare,+12ans, 20 Juillet 2
Titanfall 2 sur PC,17,16.5,16-49ï¿½ï¿½ï¿½,RespawnEntertainment,Science-Fiction, 28 Octobre 2
Homeworld 2 sur PC,17,16.1,28-10ï¿½ï¿½ï¿½,Sierra,+12ans, Septembre 2
NBA Live 2004 sur PC,17,17.9,24-00ï¿½ï¿½ï¿½,ElectronicArts,+3ans, 27 Novembre 2
Hitman sur PC,17,13.7,22-90ï¿½ï¿½ï¿½,SquareEnix,Infiltration, 31 Janvier 2
Medieval II : Total War sur PC,17,17.9,10-97ï¿½ï¿½ï¿½,TheCreativeAssembly,Moyen-Age, 09 Novembre 2
F1 2010 sur PC,17,16.3,2-99ï¿½ï¿½ï¿½,Codemasters,2ï¿½ï¿½12joueurs, 23 Septemb
Supreme Commander : Forged Alliance sur PC,17,17.3,26-00ï¿½ï¿½ï¿½,THQ,+12ans, 23 Novembre 2
Drakensang : The River of Time sur PC,17,16.3,6-99ï¿½ï¿½ï¿½,RadonLabs,+16ans, 11 Octobre 2
Dark Age of Camelot : Shrouded Isles sur PC,17,17.6,0-90ï¿½ï¿½ï¿½,MythicEntertainment,+3ans, 19 Fï¿½ï¿½vri
Rise of Nations : Rise of Legends sur PC,17,17.1,4-90ï¿½ï¿½ï¿½,Microsoft,+12ans, 26 Mai 2
Darkstone sur PC,17,17.1,4-99ï¿½ï¿½ï¿½,DelphineSoftwareInternational,+12ans, 07 Septembre 1
Age of Empires sur PC,17,17.7,38-00ï¿½ï¿½ï¿½,Microsoft,CD, 1
XCOM : Enemy Unknown sur PC,17,16.6,15-99ï¿½ï¿½ï¿½,Firaxis,Tactique, 12 Octobre 2
L.A. Noire : L'Edition Intï¿½ï¿½grale sur PC,17,15.2,7-30ï¿½ï¿½ï¿½,RockstarLeeds,+18ans, 11 Novemb
Flight Simulator 2002 sur PC,17,17.5,25-00ï¿½ï¿½ï¿½,Microsoft,+3ans, Novembre 2
Rune sur PC,17,17.4,4-06ï¿½ï¿½ï¿½,HumanHeadSoftware,+3ans, 15 Novembre 2
Borderlands 2 : Le Capitaine Scarlett et son Butin de Pirate sur PC,17,15.7,8-99ï¿½ï¿½ï¿½,2KGames,Cyberpunk, 16 Octobre 2
Warcraft III : The Frozen Throne sur PC,17,18.3,30-00ï¿½ï¿½ï¿½,VivendiUniversalGames,HeroicFantasy, 04 Juillet 2
Napolï¿½ï¿½on : Total War sur PC,17,17.2,14-49ï¿½ï¿½ï¿½,Sega,Wargame, 26 Fï¿½ï¿
Dark Age of Camelot sur PC,17,16.4,9-82ï¿½ï¿½ï¿½,Wanadoo,+12ans, 21 Janvier 2
Mount & Blade sur PC,17,17.8,8-99ï¿½ï¿½ï¿½,ParadoxInteractive,ActionRPG, 19 Septembre 2
S.T.A.L.K.E.R. : Shadow of Chernobyl sur PC,17,16.9,24-00ï¿½ï¿½ï¿½,GSCGameWorld,+16ans, 23 Mars 2
The Westerner sur PC,17,13.7,24-00ï¿½ï¿½ï¿½,Revistronic,Point'nClick, 20 Fï¿½ï¿½vri
Star Trek : Deep Space Nine : The Fallen sur PC,17,17.8,24-00ï¿½ï¿½ï¿½,TheCollectiveInc.,Jouableensolo, 01 Avril 2
Driver sur PC,17,17.3,24-00ï¿½ï¿½ï¿½,Reflections,+12ans, Octobre 1
God of War sur PS4,20,17.7,52-99ï¿½ï¿½ï¿½,SonyComputerEntertainment,Beat'emAll, 20 Avril 20
Valkyria Chronicles 4 sur PS4,19,18,44-99ï¿½ï¿½ï¿½,Sega,22Mars2018, 25 Septembre 20
Divinity : Original Sin II - Definitive Edition sur PS4,19,19,53-99ï¿½ï¿½ï¿½,noinformation,noinformation, 31 Aoï¿½ï¿½
The Witcher 3 : Wild Hunt sur PS4,19,18.1,19-99ï¿½ï¿½ï¿½,CDProjektRED,Fantastique, 19 Mai 20
The Last of Us Remastered sur PS4,19,18.4,17-00ï¿½ï¿½ï¿½,NaughtyDog,Survival-Horror, 30 Juillet 20
Uncharted 4 : A Thief's End sur PS4,19,18.3,16-63ï¿½ï¿½ï¿½,NaughtyDog,+18ans, 10 Mai 20
The Walking Dead : Saison 1 sur PS4,19,18.2,25-99ï¿½ï¿½ï¿½,TelltaleGames,Post-apocalyptique, 24 Octobre 20
Divinity : Original Sin - Enhanced Edition sur PS4,19,15.3,39-00ï¿½ï¿½ï¿½,FocusHomeInteractive,HeroicFantasy, 27 Octobre 20
Dark Souls III sur PS4,19,17.6,19-99ï¿½ï¿½ï¿½,noinformation,noinformation, 12 Avril 20
NieR Automata sur PS4,19,17.5,35-01ï¿½ï¿½ï¿½,SquareEnix,ActionRPG, 10 Mars 20
Dishonored : Definitive Edition sur PS4,19,16.2,12-99ï¿½ï¿½ï¿½,noinformation,noinformation, 25 Aoï¿½ï¿½
The Witcher 3 : Wild Hunt - Blood and Wine sur PS4,19,19.3,154-48ï¿½ï¿½ï¿½,noinformation,noinformation, 31 Mai 20
Zero Escape : The Nonary Games sur PS4,19,18.5,28-09ï¿½ï¿½ï¿½,SpikeChunsoft,Jouableensolo, 24 Mars 20
Okami HD sur PS4,19,18.7,14-99ï¿½ï¿½ï¿½,noinformation,noinformation, 12 Dï¿½ï¿½cembr
Assassin's Creed Odyssey sur PS4,18,16.3,47-33ï¿½ï¿½ï¿½,Ubisoft,ActionRPG, 05 Octobre 20
Dragon Ball FighterZ sur PS4,18,14.1,47-65ï¿½ï¿½ï¿½,ArcSystemWorks,+12ans, 26 Janvier 20
Monster Hunter World sur PS4,18,15.9,26-00ï¿½ï¿½ï¿½,Capcom,Jouableensolo, 26 Janvier 20
Dead Cells sur PS4,18,18.4,29-99ï¿½ï¿½ï¿½,MotionTwin,Plate-Forme, 07 Aoï¿½ï¿½
Yakuza Kiwami 2 sur PS4,18,17.3,39-99ï¿½ï¿½ï¿½,Sega,07Dï¿½ï¿½cembre2017, 28 Aoï¿
Yakuza 6 : The Song of Life sur PS4,18,15.4,40-29ï¿½ï¿½ï¿½,Sega,17Avril2018, 17 Avril 20
Shadow of the Colossus sur PS4,18,14.6,24-82ï¿½ï¿½ï¿½,Sony,Jouableensolo, 07 Fï¿½ï¿½vrie
Moss sur PS4,18,19.3,21-00ï¿½ï¿½ï¿½,Polyarc,+12ans, 28 Fï¿½ï¿½vrie
Final Fantasy XV : ï¿½ï¿½dition Royale sur PS4,18,10.2,no information,SquareEnix,+16ans, 06 Mars 2018
Dragon's Crown Pro sur PS4,18,17.3,29-99ï¿½ï¿½ï¿½,Atlus,+12ans, 15 Mai 20
Celeste sur PS4,18,17,no information,MattMakesGames,Jouableensolo, 25 Janvier 2018,PS4
Killzone : Shadow Fall sur PS4,18,15.7,17-00ï¿½ï¿½ï¿½,Guerrilla,Science-Fiction, 29 Novembre 20
Life is Strange sur PS4,18,17.7,18-49ï¿½ï¿½ï¿½,DONTNODEntertainment,Fantastique, 30 Janvier 20
Darkest Dungeon sur PS4,18,15.3,19-99ï¿½ï¿½ï¿½,RedHookStudios,+16ans, 27 Septembre 20
Metal Gear Solid V : The Phantom Pain sur PS4,18,16.5,24-90ï¿½ï¿½ï¿½,KojimaProductions,Infiltration, 01 Septembre 20
Child of Light sur PS4,18,17.7,170-71ï¿½ï¿½ï¿½,UbisoftMontreal,Fantastique, 30 Avril 20
Everybody's Gone to the Rapture sur PS4,18,13,no information,SCESantaMonicaStudio,11Aoï¿½ï¿½t2015, 11 Aoï¿½ï¿½t 
Watch Dogs sur PS4,18,15.1,15-00ï¿½ï¿½ï¿½,Ubisoft,Enquï¿½ï¿½te, 27 Ma
Gravity Rush Remastered sur PS4,18,15.7,30-05ï¿½ï¿½ï¿½,Sony,+12ans, 02 Fï¿½ï¿½vrie
Nioh sur PS4,18,16.8,24-30ï¿½ï¿½ï¿½,TeamNinja,ActionRPG, 08 Fï¿½ï¿½vrie
Tearaway Unfolded sur PS4,18,17.2,11-17ï¿½ï¿½ï¿½,MediaMolecule,Fantastique, 09 Septembre 20
Grim Fandango Remastered sur PS4,18,15.3,no information,Sony,Siteofficiel, 28 Janvier 2015,PS4
FEZ sur PS4,18,15.3,no information,PolytronCorporation,Plate-Forme, 26 Mars 2014,PS4
Rise of the Tomb Raider sur PS4,18,16.5,29-99ï¿½ï¿½ï¿½,CrystalDynamics,Contemporain, 11 Octobre 20
Street Fighter V : Arcade Edition sur PS4,18,10,13-10ï¿½ï¿½ï¿½,Capcom,+12ans, 16 Fï¿½ï¿½vrie
Bloodborne sur PS4,18,16.6,15-59ï¿½ï¿½ï¿½,FromSoftware,Fantastique, 25 Mars 20
Call of Duty : Advanced Warfare sur PS4,18,13.8,15-60ï¿½ï¿½ï¿½,SledgehammerGames,Contemporain, 04 Novembre 20
Mount & Blade : Warband sur PS4,18,15,35-60ï¿½ï¿½ï¿½,TaleWorldsEntertainment,ActionRPG, 16 Septembre 20
Dust : An Elysian Tail sur PS4,18,16.5,no information,HumbleHearts,Beat'emAll, 08 Octobre 2014,PS4
Journey sur PS4,18,15.7,49-99ï¿½ï¿½ï¿½,Sony,Autres, 21 Juillet 20
Ether One sur PS4,18,11.1,15-17ï¿½ï¿½ï¿½,WhitePaperGames,Payantï¿½ï¿½l'acquisition, 06 Ma
Flower sur PS4,18,16.6,no information,Sony,Autres, 29 Novembre 2013,PS4
Tomb Raider : Definitive Edition sur PS4,18,17,14-00ï¿½ï¿½ï¿½,CrystalDynamics,Contemporain, 31 Janvier 20
The Walking Dead : Saison 2 : Episode 3 - In Harmï¿½ï¿½ï¿½s Way sur PS4,18,16,no information,TelltaleGames,Post-apocalyptique, 31 Octobre 20
What Remains of Edith Finch sur PS4,18,13.5,no information,SCESantaMonicaStudio,Autres, 25 Avril 2017,PS4
Grand Theft Auto V sur PS4,18,17,24-07ï¿½ï¿½ï¿½,RockstarGames,TPS, 18 Novembre 20
Final Fantasy XV sur PS4,18,14.8,16-00ï¿½ï¿½ï¿½,SquareEnix,HeroicFantasy, 29 Novembre 20
The Walking Dead : Episode 3 - Long Road Ahead sur PS4,18,18,no information,TelltaleGames,Post-apocalyptique, 14 Octobre 2014,PS4
Life is Strange - Episode 1 - Chrysalis sur PS4,18,18.4,no information,DONTNODEntertainment,Fantastique, 30 Janvier 2015,PS4
Call of Duty : Black Ops III sur PS4,18,11.9,19-99ï¿½ï¿½ï¿½,Treyarch,Futuriste, 06 Novembre 20
Life is Strange - Episode 2 - Out of Time sur PS4,18,18.1,no information,DONTNODEntertainment,Point'nClick, 24 Mars 2015,PS4
God of War III Remastered sur PS4,18,16.1,19-00ï¿½ï¿½ï¿½,Sony,Beat'emAll, 15 Juillet 20
NBA 2K16 sur PS4,18,15,12-02ï¿½ï¿½ï¿½,2KSports,Basket, 29 Septembre 20
Life is Strange - Episode 3 - Chaos Theory sur PS4,18,17,no information,SquareEnix,Fantastique, 19 Mai 2015,PS4
XCOM 2 sur PS4,18,15.2,13-85ï¿½ï¿½ï¿½,Firaxis,Science-Fiction, 30 Septembre 20
Uncharted : The Nathan Drake Collection sur PS4,18,17.2,21-85ï¿½ï¿½ï¿½,Sony,07Octobre2015, 07 Octobre 20
Dishonored 2 sur PS4,18,16.6,9-49ï¿½ï¿½ï¿½,BethesdaSoftworks,Infiltration, 11 Novembre 20
Horizon : Zero Dawn sur PS4,18,18,24-76ï¿½ï¿½ï¿½,SonyComputerEntertainment,Infiltration, 01 Mars 20
World of Final Fantasy sur PS4,18,17.3,23-90ï¿½ï¿½ï¿½,SquareEnix,+16ans, 28 Octobre 20
The Witcher 3 : Wild Hunt - Hearts of Stone sur PS4,18,18.4,67-95ï¿½ï¿½ï¿½,CDProjekt,Jouableensolo, 13 Octobre 20
Odin Sphere : Leifthrasir sur PS4,18,16.7,34-90ï¿½ï¿½ï¿½,noinformation,noinformation, 24 Juin 20
Life is Strange - Episode 5 - Polarized sur PS4,18,16.8,no information,SquareEnix,Point'nClick, 21 Octobre 2015,PS4
Yakuza Kiwami sur PS4,18,15.9,24-90ï¿½ï¿½ï¿½,YakuzaStudio,Jouableensolo, 29 Aoï¿½ï¿½
Hatsune Miku Project Diva Future Tone sur PS4,18,18,no information,Sega,23Juin2016, 10 Janvier 2017,PS4
Valkyria Chronicles Remastered sur PS4,18,14.4,19-99ï¿½ï¿½ï¿½,noinformation,noinformation, 17 Mai 20
Full Throttle Remastered sur PS4,18,14.3,no information,noinformation,noinformation, 18 Avril 2017,PS4
Hatsune Miku Project Diva Future Tone : Future Sound sur PS4,18,18,no information,Sega,23Juin2016, 10 Janvier 2017,PS4
Hatsune Miku Project Diva Future Tone : Colorful Tone sur PS4,18,18,no information,Sega,23Juin2016, 10 Janvier 2017,PS4
Final Fantasy XII : The Zodiac Age sur PS4,18,17.1,17-90ï¿½ï¿½ï¿½,SquareEnix,+12ans, 11 Juillet 20
Shadow Tactics : Blades of the Shogun sur PS4,18,18,14-99ï¿½ï¿½ï¿½,DaedalicEntertainment,Tactique, 28 Juillet 20
Assassin's Creed Origins sur PS4,18,16.8,35-90ï¿½ï¿½ï¿½,UbisoftMontreal,Infiltration, 27 Octobre 20
Hatsune Miku Project Diva Future Tone DX sur PS4,18,19.7,no information,Sega,22Novembre2017, 22 Novembre 2017,PS4
Spider-Man sur PS4,17,17.7,54-99ï¿½ï¿½ï¿½,SonyInteractiveEntertainment,Super-Hï¿½ï¿½ros, 07 Septembr
Pro Evolution Soccer 2019 sur PS4,17,16.4,42-49ï¿½ï¿½ï¿½,KonamiDigitalEntertainment,Jouableensolo, 30 Aoï¿½ï¿½
NBA 2K19 sur PS4,17,12.1,43-60ï¿½ï¿½ï¿½,VisualConcepts,Basket, 11 Septembre 20
F1 2018 sur PS4,17,17.8,52-99ï¿½ï¿½ï¿½,Codemasters,Formule1, 24 Aoï¿½ï¿½
Detroit : Become Human sur PS4,17,18,52-89ï¿½ï¿½ï¿½,QuanticDream,Futuriste, 25 Mai 20
Overcooked 2 sur PS4,17,16.5,29-90ï¿½ï¿½ï¿½,Team17,Adresse, 07 Aoï¿½ï¿½
Astro Bot Rescue Mission sur PS4,17,18.2,38-24ï¿½ï¿½ï¿½,Sony,Plate-Forme, 03 Octobre 20
The Elder Scrolls Online : Summerset sur PS4,17,12.3,24-99ï¿½ï¿½ï¿½,BethesdaSoftworks,MMORPG, 05 Juin 20
Sonic Mania Plus sur PS4,17,16.3,24-99ï¿½ï¿½ï¿½,Sega,19Juillet2018, 17 Juillet 20
Mortal Kombat X sur PS4,17,16,19-99ï¿½ï¿½ï¿½,WarnerBrosGames,Fantastique, 14 Avril 20
Dragon Quest Heroes : Le Crï¿½ï¿½puscule de lï¿½ï¿½ï¿½Arbre du Monde sur PS4,17,15.9,22-30ï¿½ï¿½ï¿½,OMEGAForce,16Octobre2015, 16 
Tekken 7 sur PS4,17,14.2,27-80ï¿½ï¿½ï¿½,BandaiNamco,Jouableensolo, 02 Juin 20
Final Fantasy IX sur PS4,17,6.1,no information,SquareEnix,Jouableensolo, 19 Septembre 2017,PS4
Pillars of Eternity sur PS4,17,18.3,29-99ï¿½ï¿½ï¿½,ParadoxInteractive,HeroicFantasy, 29 Aoï¿½ï¿½
Warframe sur PS4,17,16.1,no information,DigitalExtremes,+16ans, 29 Novembre 2013,PS4
Final Fantasy XIV : Heavensward sur PS4,17,18,17-90ï¿½ï¿½ï¿½,SquareEnix,HeroicFantasy, 23 Juin 20
NBA 2K15 sur PS4,17,16.7,9-90ï¿½ï¿½ï¿½,2KSports,Basket, 10 Octobre 20
Assassin's Creed Unity sur PS4,17,14.7,16-80ï¿½ï¿½ï¿½,UbisoftMontreal,+18ans, 13 Novembre 20
Titanfall 2 sur PS4,17,17.1,9-90ï¿½ï¿½ï¿½,RespawnEntertainment,Science-Fiction, 28 Octobre 20
Hitman sur PS4,17,11.5,27-95ï¿½ï¿½ï¿½,SquareEnix,Infiltration, 31 Janvier 20
Firewatch sur PS4,17,14.5,no information,CampoSanto,Siteofficiel, 09 Fï¿½ï¿½vrier 2016
The Swapper sur PS4,17,15.3,62-13ï¿½ï¿½ï¿½,FacepalmGames,Plate-Forme, 06 Aoï¿½ï¿½
Hotline Miami 2 : Wrong Number sur PS4,17,15.5,no information,DevolverDigital,Contemporain, 11 Mars 2015,PS4
Tom Clancy's The Division sur PS4,17,15.3,15-99ï¿½ï¿½ï¿½,MassiveEntertainment,Post-apocalyptique, 08 Mars 20
Watch Dogs 2 sur PS4,17,15.7,21-17ï¿½ï¿½ï¿½,Ubisoft,Contemporain, 15 Novembre 20
The Talos Principle sur PS4,17,16.3,44-90ï¿½ï¿½ï¿½,DevolverDigital,Rï¿½ï¿½flexion, 13 Octobr
Octodad : Dadliest Catch sur PS4,17,15.1,no information,YoungHorses,Animaux, 23 Avril 2014,PS4
EA Sports UFC sur PS4,17,14.3,15-35ï¿½ï¿½ï¿½,EAFightingTeam,Artsmartiaux, 17 Juin 20
Cities Skylines sur PS4,17,15.4,28-95ï¿½ï¿½ï¿½,ParadoxInteractive,Siteofficiel, 15 Aoï¿½ï¿½
Trials Fusion sur PS4,17,15.9,20-80ï¿½ï¿½ï¿½,UbisoftKiev,RedLynx, 16 Avril 20
No Man's Sky sur PS4,17,13.6,22-99ï¿½ï¿½ï¿½,HelloGames,Payantï¿½ï¿½l'acquisition, 10 Aoï¿
Tales from the Borderlands sur PS4,17,17.1,no information,TelltaleGames,Extraterrestres, 03 Dï¿½ï¿½cembre 2014
Salt and Sanctuary sur PS4,17,15.4,no information,SkaStudios,PlayStationStore, 15 Mars 2016,PS4
Resident Evil HD Remaster sur PS4,17,18.1,no information,Capcom,Zombies, 20 Janvier 2015,PS4
Overwatch sur PS4,17,15.8,27-28ï¿½ï¿½ï¿½,BlizzardEntertainment,Cyberpunk, 24 Mai 20
The Binding of Isaac : Rebirth sur PS4,17,15,19-99ï¿½ï¿½ï¿½,Nicalis,Monstres, 04 Novembre 20
Resident Evil 6 sur PS4,17,11.3,18-89ï¿½ï¿½ï¿½,Capcom,Contemporain, 29 Mars 20
The Walking Dead : Episode 2 - Starved for Help sur PS4,17,8,no information,TelltaleGames,Post-apocalyptique, 14 Octobre 2014,PS4
Persona 5 sur PS4,17,18.7,41-90ï¿½ï¿½ï¿½,Atlus,04Avril2017, 04 Avril 20
Gravity Rush 2 sur PS4,17,16.5,22-90ï¿½ï¿½ï¿½,Sony,GravityDaze2, 18 Janvier 20
Hellblade : Senua's Sacrifice sur PS4,17,16.2,no information,NinjaTheory,+18ans, 08 Aoï¿½ï¿½t 2017
Ultimate Marvel vs. Capcom 3 sur PS4,17,14.5,no information,Capcom,Multienligne, 03 Dï¿½ï¿½cembre 2016
Destiny 2 sur PS4,17,13.4,8-79ï¿½ï¿½ï¿½,Bungie,Science-Fiction, 06 Septembre 20
The Walking Dead : Saison 2 : Episode 2 - A House Divided sur PS4,17,19,no information,TelltaleGames,Post-apocalyptique, 31 Octobre 2014,PS4
Battlefield 1 sur PS4,17,12.4,18-00ï¿½ï¿½ï¿½,Dice,1ï¿½ï¿½reGuerreMondiale, 21 Octobr
Tom Clancy's Rainbow Six Siege sur PS4,17,16.3,14-40ï¿½ï¿½ï¿½,Ubisoft,+18ans, 01 Dï¿½ï¿½cembr
NBA 2K14 sur PS4,17,16.7,8-99ï¿½ï¿½ï¿½,2KSports,Basket, 29 Novembre 20
Rayman Legends sur PS4,17,16.7,16-99ï¿½ï¿½ï¿½,UbisoftMontpellier,Plate-Forme, 20 Fï¿½ï¿½vrie
Minecraft sur PS4,17,13.7,19-69ï¿½ï¿½ï¿½,Mojang,OpenWorld, 03 Septembre 20
Ratchet & Clank sur PS4,17,16.6,15-59ï¿½ï¿½ï¿½,Sony,Plate-Forme, 15 Avril 20
Rime sur PS4,17,16.7,29-54ï¿½ï¿½ï¿½,SixFoot,26Mai2017, 26 Mai 20
Axiom Verge sur PS4,17,16.2,14-33ï¿½ï¿½ï¿½,ThomasHapp,Payantï¿½ï¿½l'acquisition, 01 Avri
Batman Arkham Knight sur PS4,17,17.3,14-24ï¿½ï¿½ï¿½,Rocksteady,Animation, 23 Juin 20
Spelunky sur PS4,17,14.5,no information,Mossmouth,+7ans, 08 Octobre 2014,PS4
TowerFall Ascension sur PS4,17,14.2,no information,MattMakesGames,Tirï¿½ï¿½l'arc, 19 Mars 2014
Darksiders II : Deathinitive Edition sur PS4,17,15.8,16-08ï¿½ï¿½ï¿½,NordicGames,HeroicFantasy, 27 Octobre 20
Dragon Age Inquisition sur PS4,17,16.5,10-49ï¿½ï¿½ï¿½,BioWare,HeroicFantasy, 20 Novembre 20
L.A. Noire sur PS4,17,14.9,26-99ï¿½ï¿½ï¿½,TeamBondi,+18ans, 14 Novembre 20
Oddworld : New 'n' Tasty ! sur PS4,17,15.8,no information,JustAddWaterDevelopments,Plate-Forme, 22 Juillet 2014,PS4
Naruto Shippuden Ultimate Ninja Storm 4 sur PS4,17,15.5,19-99ï¿½ï¿½ï¿½,05Fï¿½ï¿½vrier2016,Blu-Ray, 05 Fï¿½ï¿½
Magnetic : Cage Closed sur PS4,17,17,no information,GuruGames,Puzzle-Game, 26 Mai 2015,PS4
Deus Ex : Mankind Divided sur PS4,17,14.1,7-99ï¿½ï¿½ï¿½,EidosMontrï¿½ï¿½al,Cyberpunk, 23 Aoï¿
Lego Dimensions sur PS4,17,12.5,no information,Traveller'sTales,Kids, 29 Septembre 2015,PS4
Nobunagaï¿½ï¿½ï¿½s Ambition : Sphere of Influence sur PS4,17,16,14-78ï¿½ï¿½ï¿½,TecmoKoei,Blu-Ray, 04 Septem
Yesterday Origins sur PS4,17,18,9-18ï¿½ï¿½ï¿½,Microï¿½ï¿½ds,Point'nClick, 10 Novembr
Yu-Gi-Oh! Legacy of the Duelist sur PS4,17,13.6,no information,Konami,PlayStationStore, 31 Juillet 2015,PS4
Plants vs Zombies : Garden Warfare 2 sur PS4,17,16.6,18-91ï¿½ï¿½ï¿½,PopCapGames,25Fï¿½ï¿½vrier2016, 25 Fï¿½ï¿½
Ghost Recon Wildlands sur PS4,17,15.1,19-20ï¿½ï¿½ï¿½,Ubisoft,+18ans, 07 Mars 20
South Park : L'Annale du Destin sur PS4,17,15.9,18-99ï¿½ï¿½ï¿½,Ubisoft,Animation, 17 Octobre 20
Dragon Quest Builders sur PS4,17,17.5,23-99ï¿½ï¿½ï¿½,SquareEnix,Crï¿½ï¿½ation, 14 Octobr
This War Of Mine: The Little Ones sur PS4,17,15.8,19-99ï¿½ï¿½ï¿½,DeepSilver,Survival-Horror, 29 Janvier 20
Bloodborne : The Old Hunters sur PS4,17,16.5,no information,FromSoftware,Fantastique, 24 Novembre 2015,PS4
Styx : Shards of Darkness sur PS4,17,15.6,10-99ï¿½ï¿½ï¿½,FocusHomeInteractive,Infiltration, 14 Mars 20
Furi sur PS4,17,15.9,no information,TheGameBakers,Shoot'emUp, 05 Juillet 2016,PS4
EA Sports UFC 2 sur PS4,17,12.6,21-46ï¿½ï¿½ï¿½,EASports,Payantï¿½ï¿½l'acquisition, 17 Mar
Rez Infinite sur PS4,17,15,no information,Monstars,Shoot'emUp, 13 Octobre 2016,PS4
Madden NFL 17 sur PS4,17,14.9,18-80ï¿½ï¿½ï¿½,noinformation,noinformation, 23 Aoï¿½ï¿½
NBA 2K17 sur PS4,17,15.2,9-68ï¿½ï¿½ï¿½,2KSports,Basket, 16 Septembre 20
Pyre sur PS4,17,no information,no information,noinformation,noinformation, 25 Juillet 2017,PS4
Ruiner sur PS4,17,17,no information,DevolverDigital,Shooter, 26 Septembre 2017,PS4
Wonder Boy : The Dragon's Trap sur PS4,17,18.4,23-67ï¿½ï¿½ï¿½,18Avril2017,Jouableensolo, 18 Avril 20
Injustice 2 sur PS4,17,15.9,18-99ï¿½ï¿½ï¿½,NetherRealmStudios,Super-Hï¿½ï¿½ros, 18 Ma
Bioshock : The Collection sur PS4,17,17.3,35-95ï¿½ï¿½ï¿½,FeralInteractive,IrrationalGames, 16 Septembre 20
Sonic Mania sur PS4,17,17.2,no information,noinformation,noinformation, 15 Aoï¿½ï¿½t 2017
The Elder Scrolls V : Skyrim : Special Edition sur PS4,17,16.7,32-70ï¿½ï¿½ï¿½,28Octobre2016,+18ans, 28 Octobre 20
Crash Bandicoot N. Sane Trilogy sur PS4,17,16.6,34-03ï¿½ï¿½ï¿½,Activision,Plate-Forme, 30 Juin 20
Wipeout Omega Collection sur PS4,17,17.5,24-90ï¿½ï¿½ï¿½,EPOSGameStudios,SIEE, 07 Juin 20
LocoRoco Remastered sur PS4,17,16.5,no information,noinformation,noinformation, 09 Mai 2017,PS4
NBA 2K18 sur PS4,17,9.8,19-99ï¿½ï¿½ï¿½,VisualConcepts,Basket, 15 Septembre 20
Dark Souls III : The Ringed City sur PS4,17,17.1,no information,FromSoftware,DungeonRPG, 28 Mars 2017,PS4
The Sexy Brutale sur PS4,17,17,19-90ï¿½ï¿½ï¿½,CavalierGameStudios,Rï¿½ï¿½flexion, 12 Avri
The Elder Scrolls Online : Morrowind sur PS4,17,18.3,12-99ï¿½ï¿½ï¿½,noinformation,noinformation, 06 Juin 20
Blood Bowl II : Legendary Edition sur PS4,17,17,no information,FocusHomeInteractive,Footballamï¿½ï¿½ricain, 05 Septembre 2017
A King's Tale : Final Fantasy XV sur PS4,17,14.2,no information,noinformation,noinformation, 29 Novembre 2016,PS4
Madden NFL 18 sur PS4,17,17.5,40-49ï¿½ï¿½ï¿½,noinformation,noinformation, 25 Aoï¿½ï¿½
Sine Mora Ex sur PS4,17,14,17-99ï¿½ï¿½ï¿½,THQNordic,Payantï¿½ï¿½l'acquisition, 08 Aoï¿
Call of Duty : WWII sur PS4,17,13,28-99ï¿½ï¿½ï¿½,SledgehammerGames,Historique, 03 Novembre 20
Dishonored : La Mort de l'Outsider sur PS4,17,15.3,13-99ï¿½ï¿½ï¿½,BethesdaSoftworks,Infiltration, 15 Septembre 20
Wolfenstein II : The New Colossus sur PS4,17,14.8,11-90ï¿½ï¿½ï¿½,MachineGames,+18ans, 27 Octobre 20
XCOM 2 - War of the Chosen sur PS4,17,13.5,no information,Firaxis,Extraterrestres, 29 Aoï¿½ï¿½t 2017
Shadow of the Tomb Raider sur PS4,16,16.2,36-76ï¿½ï¿½ï¿½,noinformation,noinformation, 14 Septembre 20
Dragon Quest XI : Les Combattants de la destinï¿½ï¿½e sur PS4,16,17.4,52-99ï¿½ï¿½ï¿½,SquareEnix,DragonQuestXI:EchoesofanElusiveAge, 04 Septembr
The Walking Dead : The Final Season sur PS4,16,13.3,no information,noinformation,noinformation, 14 Aoï¿½ï¿½t 2018
Mega Man 11 sur PS4,16,17.5,24-99ï¿½ï¿½ï¿½,noinformation,noinformation, 02 Octobre 20
Far Cry 5 sur PS4,16,15.4,36-09ï¿½ï¿½ï¿½,UbisoftMontreal,Infiltration, 27 Mars 20
NHL 19 sur PS4,16,13.8,65-90ï¿½ï¿½ï¿½,EASports,Jouableensolo, 14 Septembre 20
Firewall : Zero Hour sur PS4,16,17.9,39-99ï¿½ï¿½ï¿½,noinformation,noinformation, 29 Aoï¿½ï¿½
Ni no Kuni 2 : L'avï¿½ï¿½nement d'un nouveau Royaume sur PS4,16,15.2,32-49ï¿½ï¿½ï¿½,Level-5,+12ans, 23 Mar
Forgotton Anne sur PS4,16,16,no information,SquareEnixCollective,Puzzle-Game, 15 Mai 2018,PS4
Dark Souls Remastered sur PS4,16,13.5,29-99ï¿½ï¿½ï¿½,BandaiNamco,HeroicFantasy, 25 Mai 20
L'Attaque des Titans 2 sur PS4,16,17.5,43-10ï¿½ï¿½ï¿½,KoeiTecmo,+18ans, 20 Mars 20
The Banner Saga 3 sur PS4,16,19,no information,Stoic,TacticalRPG, 24 Juillet 2018,PS4
EA Sports UFC 3 sur PS4,16,11.7,49-99ï¿½ï¿½ï¿½,EASports,+18ans, 02 Fï¿½ï¿½vrie
Unravel Two sur PS4,16,16,19-99ï¿½ï¿½ï¿½,ColdwoodInteractive,Plate-Forme, 09 Juin 20
Mooncrash sur PS4,16,13,no information,noinformation,noinformation, 11 Juin 2018,PS4
Yoku's Island Express sur PS4,16,16,19-99ï¿½ï¿½ï¿½,VillaGorilla,Plate-Forme, 29 Mai 20
The Swords of Ditto sur PS4,16,16,no information,onebitbeyond,Jouableensolo, 24 Avril 2018,PS4
The Council : Episode 3 - Ripples sur PS4,16,16,no information,FocusHomeInteractive,Historique, 24 Juillet 2018,PS4
Iconoclasts sur PS4,16,15,no information,JoakimSandberg,23Janvier2018, 23 Janvier 2018,PS4
Under Night In-Birth EXE:Late[st] sur PS4,16,16,19-99ï¿½ï¿½ï¿½,FRENCH-BREAD,+12ans, 09 Fï¿½ï¿½vrie
The Walking Dead : The Final Season : ï¿½ï¿½pisode 1 : Done Running sur PS4,16,16,no information,noinformation,noinformation, 14 Aoï¿½ï¿½t 
The Walking Dead : Saison 2 : Episode 1 - All That Remains sur PS4,16,18,no information,TelltaleGames,Post-apocalyptique, 31 Octobre 2014,PS4
Shantae : Half-Genie Hero sur PS4,16,17.4,62-90ï¿½ï¿½ï¿½,WayforwardTechnologies,Plate-Forme, 20 Dï¿½ï¿½cembr
Yakuza Zero : The Place of Oath sur PS4,16,17.2,22-00ï¿½ï¿½ï¿½,Sega,+18ans, 24 Janvier 20
The Banner Saga 2 sur PS4,16,16,no information,Stoic,+16ans, 05 Juillet 2016,PS4
EVE Valkyrie sur PS4,16,14.2,29-99ï¿½ï¿½ï¿½,CCP,Optionspayantes, 13 Octobre 20
Rocket League sur PS4,16,16.9,21-00ï¿½ï¿½ï¿½,Psyonix,Football, 07 Juillet 20
SOMA sur PS4,16,16.6,no information,FrictionalGames,Science-Fiction, 22 Septembre 2015,PS4
LEGO Marvel Super Heroes sur PS4,16,15.3,14-02ï¿½ï¿½ï¿½,WarnerInteractive,Super-Hï¿½ï¿½ros, 29 Novembr
Resident Evil VII sur PS4,16,16.4,18-49ï¿½ï¿½ï¿½,Capcom,+18ans, 24 Janvier 20
Fallout 4 sur PS4,16,17,14-99ï¿½ï¿½ï¿½,noinformation,noinformation, 10 Novembre 20
Injustice : Les Dieux sont Parmi Nous ï¿½ï¿½ï¿½ Ultimate Edition sur PS4,16,14.3,14-99ï¿½ï¿½ï¿½,NetherRealmStudios,Super-Hï¿½ï¿½ros, 29 N
Hitman GO Definitive Edition sur PS4,16,16.7,no information,SquareEnixMontreal,+17ans, 23 Fï¿½ï¿½vrier 2016
God Eater 2 : Rage Burst sur PS4,16,14.5,23-24ï¿½ï¿½ï¿½,BandaiNamco,Fantastique, 30 Aoï¿½ï¿½
The Evil Within sur PS4,16,15.5,17-50ï¿½ï¿½ï¿½,TangoGameworksstudio,Survival-Horror, 14 Octobre 20
Beyond : Two Souls sur PS4,16,16.3,no information,Sony,Oui,jusqu'ï¿½ï¿½deuxjoueurs, 26 Novembre 
The Vanishing of Ethan Carter sur PS4,16,16.6,no information,TheAstronauts,Survival-Horror, 15 Juillet 2015,PS4
Resident Evil 4 HD sur PS4,16,11.3,17-76ï¿½ï¿½ï¿½,Capcom,Zombies, 30 Aoï¿½ï¿½
Puyo Puyo Tetris sur PS4,16,16,26-95ï¿½ï¿½ï¿½,Sega,+3ans, 28 Avril 20
Battlefield 4 sur PS4,16,15.7,17-90ï¿½ï¿½ï¿½,Dice,Contemporain, 29 Novembre 20
Project CARS sur PS4,16,14.3,16-99ï¿½ï¿½ï¿½,SlightlyMadStudios,Simulation, 07 Mai 20
Worms Battlegrounds sur PS4,16,15.2,17-99ï¿½ï¿½ï¿½,Team17,Jouableensolo, 30 Mai 20
Pix the Cat sur PS4,16,14.2,no information,Pastagames,jusqu'ï¿½ï¿½4joueursenmodeArena, 08 Octobre 2014
The Wolf Among Us : Episode 4 - In Sheep's Clothing sur PS4,16,13.5,no information,TelltaleGames,Fantastique, 07 Novembre 2014,PS4
Disgaea 5 : Alliance of Vengeance sur PS4,16,18.7,54-90ï¿½ï¿½ï¿½,NISAmerica,Tactique, 16 Octobre 20
Wolfenstein : The New Order sur PS4,16,16.2,14-99ï¿½ï¿½ï¿½,MachineGames,+18ans, 20 Mai 20
Alien : Isolation sur PS4,16,17.1,24-14ï¿½ï¿½ï¿½,TheCreativeAssembly,Infiltration, 07 Octobre 20
Outlast sur PS4,16,17,no information,RedBarrels,Enquï¿½ï¿½te, 05 Fï¿½ï¿½vrier 
The Walking Dead : Episode 1 - A New Day sur PS4,16,16,no information,TelltaleGames,Post-apocalyptique, 14 Octobre 2014,PS4
Night in the Woods sur PS4,16,17,no information,InfiniteFall,Animaux, 28 Fï¿½ï¿½vrier 2017
The Witness sur PS4,16,17.3,no information,Thekla,Siteofficiel, 26 Janvier 2016,PS4
Just Dance 2014 sur PS4,16,12.5,23-46ï¿½ï¿½ï¿½,Ubisoft,Blu-Ray, 29 Novembre 20
Romancing SaGa 2 sur PS4,16,14.3,no information,Squaresoft,Textesenjaponais, 15 Dï¿½ï¿½cembre 2017
DiRT Rally sur PS4,16,15.8,21-51ï¿½ï¿½ï¿½,Codemasters,Blu-Ray, 05 Avril 20
inFAMOUS : Second Son sur PS4,16,16.4,15-59ï¿½ï¿½ï¿½,SuckerPunch,Contemporain, 21 Mars 20
The Walking Dead : Saison 2 sur PS4,16,16.7,34-25ï¿½ï¿½ï¿½,TelltaleGames,Post-apocalyptique, 24 Octobre 20
Sleeping Dogs : Definitive Edition sur PS4,16,15.6,16-09ï¿½ï¿½ï¿½,UnitedFrontGames,Contemporain, 14 Octobre 20
Senran Kagura : Estival Versus sur PS4,16,14.5,no information,noinformation,noinformation, 18 Mars 2016,PS4
Skyforge sur PS4,16,16.8,no information,AllodsTeam,Siteofficiel, 11 Aoï¿½ï¿½t 2015
Styx : Master of Shadows sur PS4,16,15.4,no information,Focus,Infiltration, 07 Octobre 2014,PS4
Lara Croft and the Temple of Osiris sur PS4,16,14.6,16-80ï¿½ï¿½ï¿½,SquareEnix,Mythologie, 09 Dï¿½ï¿½cembr
Resident Evil 5 sur PS4,16,13.4,18-90ï¿½ï¿½ï¿½,Capcom,Post-apocalyptique, 28 Juin 20
Blood Bowl II sur PS4,16,10.7,17-00ï¿½ï¿½ï¿½,Focus,Crossmedia, 22 Septembre 20
Pro Evolution Soccer 2015 sur PS4,16,15.3,6-56ï¿½ï¿½ï¿½,Konami,+3ans, 13 Novembre 20
Final Fantasy XIV : A Realm Reborn sur PS4,16,15.7,19-90ï¿½ï¿½ï¿½,SquareEnix,HeroicFantasy, 14 Avril 20
LawBreakers sur PS4,16,15.7,no information,NexonEurope,Multienligne, 08 Aoï¿½ï¿½t 2017
Assassin's Creed IV : Black Flag sur PS4,16,16.5,11-20ï¿½ï¿½ï¿½,Ubisoft,Amï¿½ï¿½riqueduNord, 21 Novembr
Madden NFL 15 sur PS4,16,15.4,11-99ï¿½ï¿½ï¿½,ElectronicArts,+3ans, 29 Aoï¿½ï¿½
Kerbal Space Program sur PS4,16,10,no information,Squad,+12ans, 13 Juillet 2016,PS4
Badland : Game of the Year Edition sur PS4,16,17.7,no information,Frogmind,Siteofficiel, 27 Mai 2015,PS4
Dying Light sur PS4,16,16.7,29-99ï¿½ï¿½ï¿½,WarnerBrosGames,Survival-Horror, 27 Janvier 20
One Piece Unlimited World Red Deluxe Edition sur PS4,16,13,no information,BandaiNamco,Animation, 25 Aoï¿½ï¿½t 2017
Far Cry 4 sur PS4,16,16.3,13-67ï¿½ï¿½ï¿½,UbisoftMontreal,Contemporain, 18 Novembre 20
N++ sur PS4,16,19.3,no information,MetanetSoftwareInc.,Siteofficiel, 28 Juillet 2015,PS4
Resogun sur PS4,16,14.2,no information,Housemarque,Shoot'emUp, 29 Novembre 2013,PS4
LastFight sur PS4,16,16,no information,Piranaking,PlayStationStore, 20 Septembre 2016,PS4
Tembo The Badass Elephant sur PS4,16,17.5,no information,Sega,Plate-Forme, 21 Juillet 2015,PS4
Guitar Hero Live sur PS4,16,13.5,45-00ï¿½ï¿½ï¿½,Activision,Musique, 23 Octobre 20
Madden NFL 16 sur PS4,16,16.7,20-16ï¿½ï¿½ï¿½,EASports,+3ans, 25 Aoï¿½ï¿½
FIFA 16 sur PS4,16,8.8,3-98ï¿½ï¿½ï¿½,ElectronicArts,Football, 25 Septembre 20
NHL 16 sur PS4,16,13.6,28-29ï¿½ï¿½ï¿½,noinformation,noinformation, 18 Septembre 20
Need for Speed sur PS4,16,12.9,17-98ï¿½ï¿½ï¿½,ElectronicArts,Automobile, 05 Novembre 20
Armello sur PS4,16,17,16-42ï¿½ï¿½ï¿½,LeagueofGeeks,Jeudecartes, 01 Septembre 20
Pro Evolution Soccer 2016 sur PS4,16,12.4,9-99ï¿½ï¿½ï¿½,Konami,+3ans, 17 Septembre 20
Tales of Berseria sur PS4,16,17.2,29-97ï¿½ï¿½ï¿½,BandaiNamcoEntertainment,Jouableensolo, 27 Janvier 20
Mega Man Legacy Collection sur PS4,16,15.5,no information,Capcom,Jouableensolo, 25 Aoï¿½ï¿½t 2015
Trackmania Turbo sur PS4,16,15.1,15-17ï¿½ï¿½ï¿½,Nadeo,Automobile, 24 Mars 20
For Honor sur PS4,16,14.5,12-99ï¿½ï¿½ï¿½,UbisoftMontreal,Historique, 14 Fï¿½ï¿½vrie
RIGS : Mechanized Combat League sur PS4,16,16.2,14-99ï¿½ï¿½ï¿½,Sony,Mecha, 13 Octobre 20
Destiny Extension III : Le roi des corrompus sur PS4,16,16.5,11-70ï¿½ï¿½ï¿½,Bungie,Fantastique, 15 Septembre 20
Project CARS 2 sur PS4,16,15.1,14-99ï¿½ï¿½ï¿½,BandaiNamco,Simulation, 22 Septembre 20
Dying Light : The Following sur PS4,16,17.7,26-99ï¿½ï¿½ï¿½,noinformation,noinformation, 09 Fï¿½ï¿½vrie
Worms : Weapons of Mass Destruction sur PS4,16,17.8,15-19ï¿½ï¿½ï¿½,Team17,Fantastique, 25 Aoï¿½ï¿½
Hob sur PS4,16,15,no information,noinformation,noinformation, 26 Septembre 2017,PS4
Battle Chasers : Nightwar sur PS4,16,17.5,no information,AirshipSyndicate,Fantastique, 03 Octobre 2017,PS4
Toukiden 2 sur PS4,16,12,15-90ï¿½ï¿½ï¿½,KoeiTecmo,Mythologie, 24 Mars 20
The King of Fighters XIV sur PS4,16,14.9,40-00ï¿½ï¿½ï¿½,SNKPlaymore,Multiencompï¿½ï¿½titif, 26 Aoï¿
FIFA 17 sur PS4,16,9.9,9-50ï¿½ï¿½ï¿½,EASports,+3ans, 29 Septembre 20
Far Cry Primal sur PS4,16,16.3,17-47ï¿½ï¿½ï¿½,Ubisoft,+18ans, 23 Fï¿½ï¿½vrie
Future Unfolding sur PS4,16,16,no information,SpacesofPlay,Jouableensolo, 16 Mai 2017,PS4
Batman : The Telltale Series sur PS4,16,14.5,13-68ï¿½ï¿½ï¿½,noinformation,noinformation, 02 Aoï¿½ï¿½
Ys VIII : Lacrimosa of Dana sur PS4,16,17.7,32-95ï¿½ï¿½ï¿½,Falcom,Blu-Ray, 15 Septembre 20
Fallout 4 : Far Harbor sur PS4,16,16.6,no information,BethesdaSoftworks,+18ans, 19 Mai 2016,PS4
Werewolves Within sur PS4,16,16.9,no information,Ubisoft,Jeudesociï¿½ï¿½tï¿½ï¿½, 06 Dï¿½ï¿½cem
Pro Evolution Soccer 2017 sur PS4,16,14.4,8-79ï¿½ï¿½ï¿½,Konami,+3ans, 15 Septembre 20
Hand of Fate 2 sur PS4,16,16,no information,DefiantDevelopment,Jeudecartes, 07 Novembre 2017,PS4
Call of Duty 4 : Modern Warfare Remastered sur PS4,16,12,19-49ï¿½ï¿½ï¿½,Activision,Contemporain, 04 Novembre 20
Star Wars : Battlefront II sur PS4,16,13.5,15-19ï¿½ï¿½ï¿½,ElectronicArts,Science-Fiction, 17 Novembre 20
Dragon Ball Xenoverse 2 sur PS4,16,14.4,23-99ï¿½ï¿½ï¿½,BandaiNamco,Animation, 28 Octobre 20
Atelier Firis : The Alchemist and the Mysterious Journey sur PS4,16,16.3,31-25ï¿½ï¿½ï¿½,noinformation,noinformation, 10 Mars 20
Absolver sur PS4,16,12.5,no information,DevolverDigital,ActionRPG, 29 Aoï¿½ï¿½t 2017
F1 2016 sur PS4,16,15.7,15-38ï¿½ï¿½ï¿½,Codemasters,Formule1, 19 Aoï¿½ï¿½
Skylanders Imaginators sur PS4,16,9.3,24-99ï¿½ï¿½ï¿½,14Octobre2016,Payantï¿½ï¿½l'acquisition, 14 Octobr
Tom Clancy's The Division : Survie sur PS4,16,13.3,no information,MassiveEntertainment,Post-apocalyptique, 20 Dï¿½ï¿½cembre 2016
Prey sur PS4,16,15,10-45ï¿½ï¿½ï¿½,ArkaneStudios,Futuriste, 05 Mai 20
Just Dance 2017 sur PS4,16,no information,17-09ï¿½ï¿½ï¿½,Ubisoft,Musique, 25 Octobre 20
Grow Up sur PS4,16,16.6,no information,Ubisoft,Plate-Forme, 16 Aoï¿½ï¿½t 2016
Batman Arkham VR sur PS4,16,15.6,no information,WarnerInteractive,Contemporain, 13 Octobre 2016,PS4
New Everybodyï¿½ï¿½ï¿½s Golf sur PS4,16,17.7,no information,ClapHanz,Golf, 31 Aoï¿½ï¿½
Sundered sur PS4,16,15,no information,ThunderLotusGames,Siteofficiel, 28 Juillet 2017,PS4
Divinity : Original Sin II - Definitive Edition sur ONE,19,19,44-99ï¿½ï¿½ï¿½,noinformation,noinformation, 31 Aoï¿½ï¿½
NieR Automata sur ONE,19,16.5,no information,SquareEnix,ActionRPG, 26 Juin 2018,ONE
The Witcher 3 : Wild Hunt sur ONE,19,18.6,24-47ï¿½ï¿½ï¿½,CDProjektRED,Fantastique, 19 Mai 20
Inside sur ONE,19,17,no information,Playdead,+18ans, 29 Juin 2016,ONE
The Walking Dead : Saison 1 sur ONE,19,16.9,29-79ï¿½ï¿½ï¿½,TelltaleGames,Post-apocalyptique, 24 Octobre 20
Ori and the Blind Forest sur ONE,19,18.8,no information,MoonStudio,Plate-Forme, 11 Mars 2015,ONE
The Walking Dead : Episode 5 - No Time Left sur ONE,19,14.5,no information,TelltaleGames,Post-apocalyptique, 14 Octobre 2014,ONE
Divinity : Original Sin - Enhanced Edition sur ONE,19,17.2,22-90ï¿½ï¿½ï¿½,FocusHomeInteractive,HeroicFantasy, 27 Octobre 20
Dark Souls III sur ONE,19,16.7,15-50ï¿½ï¿½ï¿½,noinformation,noinformation, 12 Avril 20
Unravel sur ONE,19,16.4,no information,ColdwoodInteractive,Rï¿½ï¿½flexion, 09 Fï¿½ï¿½vrier 
Dishonored : Definitive Edition sur ONE,19,14,13-80ï¿½ï¿½ï¿½,noinformation,noinformation, 25 Aoï¿½ï¿½
The Witcher 3 : Wild Hunt - Blood and Wine sur ONE,19,18.9,no information,noinformation,noinformation, 31 Mai 2016,ONE
Forza Horizon 3 sur ONE,19,17.5,34-99ï¿½ï¿½ï¿½,PlaygroundGames,Multienligne, 27 Septembre 20
Okami HD sur ONE,19,18,14-99ï¿½ï¿½ï¿½,noinformation,noinformation, 12 Dï¿½ï¿½cembr
Assassin's Creed Odyssey sur ONE,18,17.1,59-99ï¿½ï¿½ï¿½,Ubisoft,ActionRPG, 05 Octobre 20
Forza Horizon 4 sur ONE,18,15.7,48-99ï¿½ï¿½ï¿½,MicrosoftStudios,02Octobre2018, 02 Octobre 20
Dragon Ball FighterZ sur ONE,18,13.3,44-15ï¿½ï¿½ï¿½,ArcSystemWorks,+12ans, 26 Janvier 20
Monster Hunter World sur ONE,18,15.8,29-99ï¿½ï¿½ï¿½,Capcom,Jouableensolo, 26 Janvier 20
Dead Cells sur ONE,18,18,no information,MotionTwin,Plate-Forme, 07 Aoï¿½ï¿½t 2018
Final Fantasy XV : ï¿½ï¿½dition Royale sur ONE,18,13.3,no information,SquareEnix,+16ans, 06 Mars 2018
Celeste sur ONE,18,18,no information,MattMakesGames,Jouableensolo, 25 Janvier 2018,ONE
Life is Strange sur ONE,18,19,25-91ï¿½ï¿½ï¿½,DONTNODEntertainment,Fantastique, 30 Janvier 20
Metal Gear Solid V : The Phantom Pain sur ONE,18,17.8,18-99ï¿½ï¿½ï¿½,KojimaProductions,Infiltration, 01 Septembre 20
Child of Light sur ONE,18,17.8,no information,UbisoftMontreal,Fantastique, 30 Avril 2014,ONE
Watch Dogs sur ONE,18,15.5,9-04ï¿½ï¿½ï¿½,Ubisoft,Contemporain, 27 Mai 20
Rise of the Tomb Raider sur ONE,18,17.3,19-59ï¿½ï¿½ï¿½,CrystalDynamics,Contemporain, 13 Novembre 20
Call of Duty : Advanced Warfare sur ONE,18,13.6,8-69ï¿½ï¿½ï¿½,SledgehammerGames,Contemporain, 04 Novembre 20
Mount & Blade : Warband sur ONE,18,12.8,31-79ï¿½ï¿½ï¿½,TaleWorldsEntertainment,ActionRPG, 16 Septembre 20
Tomb Raider : Definitive Edition sur ONE,18,17,19-80ï¿½ï¿½ï¿½,CrystalDynamics,+18ans, 31 Janvier 20
The Walking Dead : Saison 2 : Episode 3 - In Harmï¿½ï¿½ï¿½s Way sur ONE,18,18,no information,TelltaleGames,Post-apocalyptique, 31 Octobre 20
What Remains of Edith Finch sur ONE,18,19,no information,SCESantaMonicaStudio,Autres, 19 Juillet 2017,ONE
Grand Theft Auto V sur ONE,18,17.7,24-89ï¿½ï¿½ï¿½,RockstarGames,Contemporain, 18 Novembre 20
Final Fantasy XV sur ONE,18,15.5,11-95ï¿½ï¿½ï¿½,SquareEnix,HeroicFantasy, 29 Novembre 20
The Walking Dead : Episode 3 - Long Road Ahead sur ONE,18,18,no information,TelltaleGames,Post-apocalyptique, 14 Octobre 2014,ONE
Life is Strange - Episode 1 - Chrysalis sur ONE,18,17,no information,DONTNODEntertainment,Fantastique, 30 Janvier 2015,ONE
Call of Duty : Black Ops III sur ONE,18,12.2,23-99ï¿½ï¿½ï¿½,Activision,Futuriste, 06 Novembre 20
Life is Strange - Episode 2 - Out of Time sur ONE,18,16.9,no information,DONTNODEntertainment,Point'nClick, 24 Mars 2015,ONE
NBA 2K16 sur ONE,18,16.2,6-89ï¿½ï¿½ï¿½,2KSports,Basket, 29 Septembre 20
Life is Strange - Episode 3 - Chaos Theory sur ONE,18,18,no information,SquareEnix,Fantastique, 19 Mai 2015,ONE
XCOM 2 sur ONE,18,18.3,12-59ï¿½ï¿½ï¿½,Firaxis,Science-Fiction, 30 Septembre 20
Dishonored 2 sur ONE,18,17.2,9-79ï¿½ï¿½ï¿½,BethesdaSoftworks,Infiltration, 11 Novembre 20
The Witcher 3 : Wild Hunt - Hearts of Stone sur ONE,18,17.9,no information,CDProjekt,Jouableensolo, 13 Octobre 2015,ONE
Shadow Tactics : Blades of the Shogun sur ONE,18,18,20-86ï¿½ï¿½ï¿½,DaedalicEntertainment,Tactique, 28 Juillet 20
Assassin's Creed Origins sur ONE,18,17.9,39-99ï¿½ï¿½ï¿½,UbisoftMontreal,Infiltration, 27 Octobre 20
Pro Evolution Soccer 2019 sur ONE,17,15.4,38-99ï¿½ï¿½ï¿½,KonamiDigitalEntertainment,Jouableensolo, 30 Aoï¿½ï¿½
No Man's Sky sur ONE,17,15.4,49-99ï¿½ï¿½ï¿½,HelloGames,Payantï¿½ï¿½l'acquisition, 27 Ma
NBA 2K19 sur ONE,17,11.4,44-90ï¿½ï¿½ï¿½,VisualConcepts,Basket, 11 Septembre 20
F1 2018 sur ONE,17,15.4,66-95ï¿½ï¿½ï¿½,Codemasters,Formule1, 24 Aoï¿½ï¿½
Overcooked 2 sur ONE,17,11,17-37ï¿½ï¿½ï¿½,Team17,Adresse, 07 Aoï¿½ï¿½
Crash Bandicoot N. Sane Trilogy sur ONE,17,17,30-00ï¿½ï¿½ï¿½,Activision,Plate-Forme, 29 Juin 20
Hellblade : Senua's Sacrifice sur ONE,17,18,no information,NinjaTheory,+18ans, 11 Avril 2018,ONE
The Elder Scrolls Online : Summerset sur ONE,17,17,24-99ï¿½ï¿½ï¿½,BethesdaSoftworks,MMORPG, 05 Juin 20
Sonic Mania Plus sur ONE,17,17,29-99ï¿½ï¿½ï¿½,Sega,19Juillet2018, 17 Juillet 20
Full Metal Furies sur ONE,17,20,no information,CellarDoorGames,+7ans, 17 Janvier 2018,ONE
Mortal Kombat X sur ONE,17,15.6,14-99ï¿½ï¿½ï¿½,WarnerBrosGames,Fantastique, 14 Avril 20
Cuphead sur ONE,17,15,19-99ï¿½ï¿½ï¿½,StudioMDHR,Jouableensolo, 29 Septembre 20
Tekken 7 sur ONE,17,12.7,24-81ï¿½ï¿½ï¿½,BandaiNamco,Jouableensolo, 02 Juin 20
Pillars of Eternity sur ONE,17,17,37-90ï¿½ï¿½ï¿½,ParadoxInteractive,HeroicFantasy, 29 Aoï¿½ï¿½
Warframe sur ONE,17,15.3,no information,DigitalExtremes,+16ans, 02 Septembre 2014,ONE
NBA 2K15 sur ONE,17,16.8,4-79ï¿½ï¿½ï¿½,2KSports,Basket, 10 Octobre 20
Assassin's Creed Unity sur ONE,17,15,24-79ï¿½ï¿½ï¿½,UbisoftMontreal,Historique, 13 Novembre 20
Titanfall 2 sur ONE,17,17.1,9-54ï¿½ï¿½ï¿½,RespawnEntertainment,Science-Fiction, 28 Octobre 20
Hitman sur ONE,17,16,36-41ï¿½ï¿½ï¿½,SquareEnix,Infiltration, 31 Janvier 20
Path of Exile sur ONE,17,16,no information,GrindingGearGames,Siteofficiel, 24 Aoï¿½ï¿½t 2017
Killer Instinct sur ONE,17,15.6,14-99ï¿½ï¿½ï¿½,DoubleHelixGames,Fantastique, 22 Novembre 20
Tom Clancy's The Division sur ONE,17,14.6,16-49ï¿½ï¿½ï¿½,MassiveEntertainment,Post-apocalyptique, 08 Mars 20
Watch Dogs 2 sur ONE,17,16.6,17-99ï¿½ï¿½ï¿½,Ubisoft,Contemporain, 15 Novembre 20
EA Sports UFC sur ONE,17,14.5,8-45ï¿½ï¿½ï¿½,EAFightingTeam,Artsmartiaux, 17 Juin 20
Trials Fusion sur ONE,17,15.4,14-89ï¿½ï¿½ï¿½,UbisoftKiev,RedLynx, 16 Avril 20
Forza Horizon 2 sur ONE,17,17.8,26-46ï¿½ï¿½ï¿½,PlaygroundGames,Automobile, 03 Octobre 20
Tales from the Borderlands sur ONE,17,14,22-99ï¿½ï¿½ï¿½,TelltaleGames,Extraterrestres, 26 Novembre 20
Resident Evil HD Remaster sur ONE,17,18.4,no information,Capcom,Zombies, 20 Janvier 2015,ONE
Overwatch sur ONE,17,15.7,26-30ï¿½ï¿½ï¿½,BlizzardEntertainment,Cyberpunk, 24 Mai 20
Resident Evil 6 sur ONE,17,13.4,19-90ï¿½ï¿½ï¿½,Capcom,Contemporain, 29 Mars 20
The Walking Dead : Episode 2 - Starved for Help sur ONE,17,17,no information,TelltaleGames,Post-apocalyptique, 14 Octobre 2014,ONE
Ultimate Marvel vs. Capcom 3 sur ONE,17,16,no information,Capcom,Multienligne, 07 Mars 2017,ONE
Diablo III : Ultimate Evil Edition sur ONE,17,18,19-99ï¿½ï¿½ï¿½,BlizzardEntertainment,HeroicFantasy, 19 Aoï¿½ï¿½
Destiny 2 sur ONE,17,12.6,10-00ï¿½ï¿½ï¿½,Bungie,Science-Fiction, 06 Septembre 20
The Walking Dead : Saison 2 : Episode 2 - A House Divided sur ONE,17,17,no information,TelltaleGames,Post-apocalyptique, 31 Octobre 2014,ONE
Battlefield 1 sur ONE,17,13.8,19-99ï¿½ï¿½ï¿½,Dice,1ï¿½ï¿½reGuerreMondiale, 21 Octobr
Tom Clancy's Rainbow Six Siege sur ONE,17,16.8,24-99ï¿½ï¿½ï¿½,Ubisoft,+18ans, 01 Dï¿½ï¿½cembr
NBA 2K14 sur ONE,17,17.4,3-59ï¿½ï¿½ï¿½,2KSports,Basket, 22 Novembre 20
Rayman Legends sur ONE,17,16.2,18-99ï¿½ï¿½ï¿½,UbisoftMontpellier,Plate-Forme, 20 Fï¿½ï¿½vrie
Disney Fantasia : Le Pouvoir du Son sur ONE,17,18,9-90ï¿½ï¿½ï¿½,DisneyInteractive,Rythme, 21 Octobre 20
Minecraft sur ONE,17,15.6,21-67ï¿½ï¿½ï¿½,Mojang,OpenWorld, 05 Septembre 20
Rime sur ONE,17,17.6,34-38ï¿½ï¿½ï¿½,SixFoot,26Mai2017, 26 Mai 20
Batman Arkham Knight sur ONE,17,15.4,13-69ï¿½ï¿½ï¿½,Rocksteady,Animation, 23 Juin 20
Halo 5 : Guardians sur ONE,17,14.9,18-90ï¿½ï¿½ï¿½,343Industries,Science-Fiction, 27 Octobre 20
Darksiders II : Deathinitive Edition sur ONE,17,16,19-12ï¿½ï¿½ï¿½,VigilGames,HeroicFantasy, 27 Octobre 20
Dragon Age Inquisition sur ONE,17,17,8-18ï¿½ï¿½ï¿½,BioWare,HeroicFantasy, 20 Novembre 20
L.A. Noire sur ONE,17,0,22-18ï¿½ï¿½ï¿½,TeamBondi,+18ans, 14 Novembre 20
Naruto Shippuden Ultimate Ninja Storm 4 sur ONE,17,15.2,18-28ï¿½ï¿½ï¿½,05Fï¿½ï¿½vrier2016,Blu-Ray, 05 Fï¿½ï¿½
Forza Motorsport 6 sur ONE,17,16.9,22-99ï¿½ï¿½ï¿½,Microsoft,Blu-Ray, 18 Septembre 20
Lego Dimensions sur ONE,17,18,no information,Traveller'sTales,Blu-Ray, 29 Septembre 2015,ONE
Yesterday Origins sur ONE,17,17,12-79ï¿½ï¿½ï¿½,Microï¿½ï¿½ds,Point'nClick, 10 Novembr
Yu-Gi-Oh! Legacy of the Duelist sur ONE,17,10.7,no information,Konami,XboxLiveArcade, 31 Juillet 2015,ONE
Plants vs Zombies : Garden Warfare 2 sur ONE,17,13.6,21-46ï¿½ï¿½ï¿½,PopCapGames,25Fï¿½ï¿½vrier2016, 25 Fï¿½ï¿½
Gears of War 4 sur ONE,17,15.9,11-00ï¿½ï¿½ï¿½,TheCoalition,TPS, 11 Octobre 20
Ghost Recon Wildlands sur ONE,17,16.6,25-09ï¿½ï¿½ï¿½,Ubisoft,+18ans, 07 Mars 20
South Park : L'Annale du Destin sur ONE,17,15.7,19-80ï¿½ï¿½ï¿½,Ubisoft,Animation, 17 Octobre 20
This War Of Mine: The Little Ones sur ONE,17,16,17-73ï¿½ï¿½ï¿½,noinformation,noinformation, 29 Janvier 20
Styx : Shards of Darkness sur ONE,17,15,14-90ï¿½ï¿½ï¿½,FocusHomeInteractive,Infiltration, 14 Mars 20
EA Sports UFC 2 sur ONE,17,10,15-00ï¿½ï¿½ï¿½,EASports,Payantï¿½ï¿½l'acquisition, 17 Mar
Rise & Shine sur ONE,17,18,no information,SuperMegaTeam,Rï¿½ï¿½flexion, 13 Janvier 2017
Madden NFL 17 sur ONE,17,17.5,15-95ï¿½ï¿½ï¿½,noinformation,noinformation, 23 Aoï¿½ï¿½
Forza Motorsport 7 sur ONE,17,15.4,27-99ï¿½ï¿½ï¿½,Microsoft,Simulation, 03 Octobre 20
NBA 2K17 sur ONE,17,14.4,7-14ï¿½ï¿½ï¿½,2KSports,Basket, 16 Septembre 20
Ruiner sur ONE,17,18,no information,DevolverDigital,Shooter, 26 Septembre 2017,ONE
Wonder Boy : The Dragon's Trap sur ONE,17,17.5,no information,18Avril2017,Jouableensolo, 18 Avril 2017,ONE
Injustice 2 sur ONE,17,17.5,14-99ï¿½ï¿½ï¿½,NetherRealmStudios,Super-Hï¿½ï¿½ros, 18 Ma
Bioshock : The Collection sur ONE,17,15.3,20-00ï¿½ï¿½ï¿½,FeralInteractive,IrrationalGames, 16 Septembre 20
Killer Instinct Definitive Edition sur ONE,17,17,19-79ï¿½ï¿½ï¿½,Microsoft,Fantastique, 20 Septembre 20
Sonic Mania sur ONE,17,18.5,no information,noinformation,noinformation, 15 Aoï¿½ï¿½t 2017
The Elder Scrolls V : Skyrim : Special Edition sur ONE,17,16.1,no information,28Octobre2016,+18ans, 28 Octobre 2016,ONE
NBA 2K18 sur ONE,17,10.4,17-97ï¿½ï¿½ï¿½,VisualConcepts,Basket, 15 Septembre 20
Dark Souls III : The Ringed City sur ONE,17,17,no information,FromSoftware,DungeonRPG, 28 Mars 2017,ONE
The Sexy Brutale sur ONE,17,17,no information,CavalierGameStudios,Rï¿½ï¿½flexion, 12 Avril 2017
The Elder Scrolls Online : Morrowind sur ONE,17,no information,10-94ï¿½ï¿½ï¿½,noinformation,noinformation, 06 Juin 20
Blood Bowl II : Legendary Edition sur ONE,17,17,no information,FocusHomeInteractive,Footballamï¿½ï¿½ricain, 05 Septembre 2017
A King's Tale : Final Fantasy XV sur ONE,17,17,no information,noinformation,noinformation, 29 Novembre 2016,ONE
Madden NFL 18 sur ONE,17,17.7,41-94ï¿½ï¿½ï¿½,noinformation,noinformation, 25 Aoï¿½ï¿½
Sine Mora Ex sur ONE,17,17,18-91ï¿½ï¿½ï¿½,THQNordic,Payantï¿½ï¿½l'acquisition, 08 Aoï¿
Call of Duty : WWII sur ONE,17,14.2,44-99ï¿½ï¿½ï¿½,SledgehammerGames,Historique, 03 Novembre 20
Dishonored : La Mort de l'Outsider sur ONE,17,15.7,12-10ï¿½ï¿½ï¿½,BethesdaSoftworks,Infiltration, 15 Septembre 20
Wolfenstein II : The New Colossus sur ONE,17,15.9,29-24ï¿½ï¿½ï¿½,BethesdaSoftworks,+18ans, 27 Octobre 20
XCOM 2 - War of the Chosen sur ONE,17,17,no information,Firaxis,Extraterrestres, 29 Aoï¿½ï¿½t 2017
Shadow of the Tomb Raider sur ONE,16,15.2,53-99ï¿½ï¿½ï¿½,noinformation,noinformation, 14 Septembre 20
The Walking Dead : The Final Season sur ONE,16,14.5,no information,noinformation,noinformation, 14 Aoï¿½ï¿½t 2018
Mega Man 11 sur ONE,16,16,24-99ï¿½ï¿½ï¿½,noinformation,noinformation, 02 Octobre 20
Far Cry 5 sur ONE,16,15.3,49-99ï¿½ï¿½ï¿½,UbisoftMontreal,Infiltration, 27 Mars 20
NHL 19 sur ONE,16,16,52-99ï¿½ï¿½ï¿½,EASports,Jouableensolo, 14 Septembre 20
Forgotton Anne sur ONE,16,16,no information,ThroughLineGames,Puzzle-Game, 15 Mai 2018,ONE
Dark Souls Remastered sur ONE,16,7.5,29-99ï¿½ï¿½ï¿½,FromSoftware,HeroicFantasy, 25 Mai 20
L'Attaque des Titans 2 sur ONE,16,17,51-64ï¿½ï¿½ï¿½,OMEGAForce,+18ans, 20 Mars 20
Unravel Two sur ONE,16,16,no information,ColdwoodInteractive,Plate-Forme, 09 Juin 2018,ONE
EA Sports UFC 3 sur ONE,16,12.6,49-99ï¿½ï¿½ï¿½,EASports,+18ans, 02 Fï¿½ï¿½vrie
Mooncrash sur ONE,16,17,no information,noinformation,noinformation, 11 Juin 2018,ONE
Yoku's Island Express sur ONE,16,16,21-99ï¿½ï¿½ï¿½,VillaGorilla,Plate-Forme, 29 Mai 20
The Walking Dead : The Final Season : ï¿½ï¿½pisode 1 : Done Running sur ONE,16,16,no information,noinformation,noinformation, 14 Aoï¿½ï¿½t 
The Walking Dead : Saison 2 : Episode 1 - All That Remains sur ONE,16,20,no information,TelltaleGames,Post-apocalyptique, 31 Octobre 2014,ONE
Shantae : Half-Genie Hero sur ONE,16,19.5,no information,WayforwardTechnologies,Plate-Forme, 20 Dï¿½ï¿½cembre 2016
The Banner Saga 2 sur ONE,16,10,no information,Stoic,+16ans, 01 Juillet 2016,ONE
LEGO Marvel Super Heroes sur ONE,16,15.7,17-99ï¿½ï¿½ï¿½,WarnerInteractive,Super-Hï¿½ï¿½ros, 22 Novembr
Resident Evil VII sur ONE,16,15.9,22-80ï¿½ï¿½ï¿½,Capcom,+18ans, 24 Janvier 20
Fallout 4 sur ONE,16,16.8,8-89ï¿½ï¿½ï¿½,noinformation,noinformation, 10 Novembre 20
The Evil Within sur ONE,16,15.9,5-78ï¿½ï¿½ï¿½,TangoGameworksstudio,Survival-Horror, 14 Octobre 20
SUPERHOT sur ONE,16,16.8,no information,SuperHotTeam,Siteofficiel, 03 Mai 2016,ONE
Resident Evil 4 HD sur ONE,16,14.3,21-49ï¿½ï¿½ï¿½,Capcom,Zombies, 30 Aoï¿½ï¿½
Battlefield 4 sur ONE,16,15.6,9-19ï¿½ï¿½ï¿½,Dice,Contemporain, 22 Novembre 20
Worms Battlegrounds sur ONE,16,16,14-99ï¿½ï¿½ï¿½,Team17,Jouableensolo, 30 Mai 20
The Wolf Among Us : Episode 4 - In Sheep's Clothing sur ONE,16,18.5,no information,TelltaleGames,Fantastique, 27 Mai 2014,ONE
Wolfenstein : The New Order sur ONE,16,15.6,5-50ï¿½ï¿½ï¿½,MachineGames,+18ans, 20 Mai 20
Alien : Isolation sur ONE,16,17.4,9-99ï¿½ï¿½ï¿½,TheCreativeAssembly,Infiltration, 07 Octobre 20
Sunset Overdrive sur ONE,16,16.4,13-20ï¿½ï¿½ï¿½,MicrosoftGameStudios,Post-apocalyptique, 31 Octobre 20
The Walking Dead : Episode 1 - A New Day sur ONE,16,16,no information,TelltaleGames,Post-apocalyptique, 14 Octobre 2014,ONE
Just Dance 2014 sur ONE,16,17.3,11-89ï¿½ï¿½ï¿½,Ubisoft,Blu-Ray, 22 Novembre 20
Romancing SaGa 2 sur ONE,16,16,no information,Squaresoft,Textesenjaponais, 15 Dï¿½ï¿½cembre 2017
DiRT Rally sur ONE,16,15.5,34-99ï¿½ï¿½ï¿½,Codemasters,DVD, 05 Avril 20
The Walking Dead : Saison 2 sur ONE,16,17.3,19-99ï¿½ï¿½ï¿½,TelltaleGames,Post-apocalyptique, 24 Octobre 20
Sleeping Dogs : Definitive Edition sur ONE,16,16.8,19-90ï¿½ï¿½ï¿½,UnitedFrontGames,Contemporain, 14 Octobre 20
Styx : Master of Shadows sur ONE,16,12.9,no information,Focus,Infiltration, 07 Octobre 2014,ONE
Lara Croft and the Temple of Osiris sur ONE,16,15,no information,SquareEnix,Mythologie, 09 Dï¿½ï¿½cembre 2014
Resident Evil 5 sur ONE,16,13,20-99ï¿½ï¿½ï¿½,Capcom,Post-apocalyptique, 28 Juin 20
Blood Bowl II sur ONE,16,11.3,9-49ï¿½ï¿½ï¿½,Focus,Crossmedia, 22 Septembre 20
Pro Evolution Soccer 2015 sur ONE,16,13.6,1-20ï¿½ï¿½ï¿½,Konami,+3ans, 13 Novembre 20
Assassin's Creed IV : Black Flag sur ONE,16,16.4,39-79ï¿½ï¿½ï¿½,Ubisoft,Amï¿½ï¿½riqueduNord, 21 Novembr
Madden NFL 15 sur ONE,16,15,5-38ï¿½ï¿½ï¿½,ElectronicArts,+3ans, 29 Aoï¿½ï¿½
Kerbal Space Program sur ONE,16,20,no information,Squad,+12ans, 15 Juillet 2016,ONE
Badland : Game of the Year Edition sur ONE,16,17,no information,Frogmind,Jusqu'ï¿½ï¿½4joueursenlocal, 29 Mai 2015
Dying Light sur ONE,16,17.3,26-86ï¿½ï¿½ï¿½,WarnerInteractive,Survival-Horror, 27 Janvier 20
Far Cry 4 sur ONE,16,16.2,16-90ï¿½ï¿½ï¿½,UbisoftMontreal,Contemporain, 18 Novembre 20
Quantum Break sur ONE,16,15.1,18-90ï¿½ï¿½ï¿½,Remedy,TPS, 05 Avril 20
LastFight sur ONE,16,16,no information,noinformation,noinformation, 20 Septembre 2016,ONE
Tembo The Badass Elephant sur ONE,16,16,no information,Sega,Plate-Forme, 21 Juillet 2015,ONE
Guitar Hero Live sur ONE,16,14.8,24-63ï¿½ï¿½ï¿½,Activision,Musique, 23 Octobre 20
Madden NFL 16 sur ONE,16,no information,9-83ï¿½ï¿½ï¿½,EASports,+3ans, 25 Aoï¿½ï¿½
FIFA 16 sur ONE,16,10.4,3-99ï¿½ï¿½ï¿½,ElectronicArts,Football, 25 Septembre 20
NHL 16 sur ONE,16,17.3,8-83ï¿½ï¿½ï¿½,noinformation,noinformation, 18 Septembre 20
Gears of War Ultimate Edition sur ONE,16,16,11-40ï¿½ï¿½ï¿½,Microsoft,TPS, 25 Aoï¿½ï¿½
Need for Speed sur ONE,16,11.5,15-74ï¿½ï¿½ï¿½,noinformation,noinformation, 05 Novembre 20
Pro Evolution Soccer 2016 sur ONE,16,12.9,6-51ï¿½ï¿½ï¿½,Konami,+3ans, 17 Septembre 20
Mega Man Legacy Collection sur ONE,16,16,no information,Capcom,Jouableensolo, 25 Aoï¿½ï¿½t 2015
Rare Replay sur ONE,16,18.1,23-98ï¿½ï¿½ï¿½,noinformation,noinformation, 04 Aoï¿½ï¿½
Beyond Eyes sur ONE,16,11.6,no information,Tiger&Squid,VisualNovel, 04 Aoï¿½ï¿½t 2015
For Honor sur ONE,16,14.3,9-99ï¿½ï¿½ï¿½,UbisoftMontreal,Historique, 14 Fï¿½ï¿½vrie
Destiny Extension III : Le roi des corrompus sur ONE,16,15.4,no information,Bungie,Fantastique, 15 Septembre 2015,ONE
Project CARS 2 sur ONE,16,11.1,19-68ï¿½ï¿½ï¿½,BandaiNamco,Simulation, 22 Septembre 20
Dying Light : The Following sur ONE,16,17.8,25-00ï¿½ï¿½ï¿½,noinformation,noinformation, 09 Fï¿½ï¿½vrie
Worms : Weapons of Mass Destruction sur ONE,16,17,22-99ï¿½ï¿½ï¿½,Team17,Fantastique, 25 Aoï¿½ï¿½
EVERSPACE sur ONE,16,16,no information,26Mai2017,Extraterrestres, 26 Mai 2017,ONE
Battle Chasers : Nightwar sur ONE,16,16,no information,AirshipSyndicate,Fantastique, 03 Octobre 2017,ONE
FIFA 17 sur ONE,16,11.6,5-57ï¿½ï¿½ï¿½,EASports,+3ans, 29 Septembre 20
Far Cry Primal sur ONE,16,16.4,24-90ï¿½ï¿½ï¿½,Ubisoft,+18ans, 23 Fï¿½ï¿½vrie
Batman : The Telltale Series sur ONE,16,14,14-14ï¿½ï¿½ï¿½,noinformation,noinformation, 02 Aoï¿½ï¿½
Fallout 4 : Far Harbor sur ONE,16,16,no information,BethesdaSoftworks,+18ans, 19 Mai 2016,ONE
Pro Evolution Soccer 2017 sur ONE,16,15.6,7-95ï¿½ï¿½ï¿½,Konami,+3ans, 15 Septembre 20
Hand of Fate 2 sur ONE,16,16,no information,DefiantDevelopment,Jeudecartes, 01 Dï¿½ï¿½cembre 2017
Call of Duty 4 : Modern Warfare Remastered sur ONE,16,14.8,31-59ï¿½ï¿½ï¿½,Activision,Contemporain, 04 Novembre 20
Star Wars : Battlefront II sur ONE,16,13.7,15-19ï¿½ï¿½ï¿½,ElectronicArts,Science-Fiction, 17 Novembre 20
Dragon Ball Xenoverse 2 sur ONE,16,15.3,23-55ï¿½ï¿½ï¿½,Dimps,Animation, 28 Octobre 20
